custid,region,townsize,gender,agecat,edcat,jobcat,union,empcat,card2tenurecat,equip,wireless,internet,callid,callwait,forward,confer,ebill,response_01
4459-VLPQUH-3OL,4,3,0,2,3,2,0,1,2,0,0,2,0,0,0,0,1,1
9124-DZALHM-S6I,2,3,1,6,2,1,0,4,5,0,0,0,0,0,0,0,0,1
2228-KOLOPU-FY3,5,5,1,3,1,1,0,2,3,0,0,0,1,1,1,1,0,1
2866-TTOTKL-TA7,5,4,0,6,1,3,0,5,4,0,0,0,0,0,0,0,0,1
7217-UECHSF-PCR,1,1,1,4,1,2,0,2,3,0,1,1,1,1,1,1,0,1
4166-WEDNXN-5RK,5,4,0,2,3,3,0,1,2,0,0,1,0,0,0,0,0,1
1114-UELZXT-QT7,4,1,1,6,1,4,0,5,5,0,0,0,1,1,1,1,0,1
2687-GRSYRT-YRW,4,3,0,3,2,2,1,2,3,0,0,0,0,0,0,0,1,1
4115-RQKQTM-RXB,1,4,0,6,1,1,0,5,5,0,0,0,0,1,0,1,1,1
5052-NKTQMH-BKA,1,2,1,4,2,2,0,2,3,0,0,0,0,0,0,0,0,1
0198-MUHWOZ-918,1,1,1,3,3,2,0,1,2,0,0,2,0,0,0,0,0,1
3330-YCHJNM-YA1,1,3,1,6,4,2,1,2,5,1,1,2,1,0,1,1,1,1
4629-OUAIRK-MZH,5,2,0,6,4,3,0,5,4,0,0,0,1,1,1,1,0,1
2578-QQXNBH-3G2,2,2,0,3,2,5,1,3,1,0,0,0,1,1,1,1,0,1
8931-XMXDFT-RXL,1,1,1,6,1,4,0,5,5,0,0,0,1,0,1,1,0,1
7570-FPTDKK-0IF,4,3,1,5,1,6,0,5,5,0,0,0,0,0,0,0,0,1
9249-AXADUL-D5S,1,2,1,5,3,1,0,4,4,1,0,0,0,0,0,0,0,1
7426-RJRFFK-CYX,2,4,0,6,1,1,0,5,5,0,0,0,0,1,1,0,0,1
1570-TKBDYZ-6W5,5,5,0,5,2,1,0,5,4,0,0,0,0,1,0,0,0,1
0423-RHVQHI-61H,5,5,0,6,3,2,0,2,3,0,0,1,0,0,0,0,0,1
2563-WMFFVX-82H,5,5,0,4,5,2,0,2,3,1,1,3,1,1,1,0,1,1
3174-AHTEYY-QJK,4,3,1,6,1,2,0,3,3,0,0,0,1,1,1,1,0,1
9513-EFLYMG-UEA,2,1,1,6,1,2,0,4,5,0,0,0,1,1,1,1,0,1
7141-HNJHVQ-3VB,5,5,1,5,1,5,1,4,4,0,0,0,1,1,1,1,0,1
7670-PQQZMH-YSU,4,2,0,3,4,5,0,3,3,1,1,4,1,1,1,1,1,1
1018-INNKLF-Y2Q,5,3,1,5,1,3,0,5,5,0,0,0,1,1,1,1,0,1
3011-YSOAMU-FQ2,3,1,0,5,4,6,0,5,5,1,1,2,0,0,0,0,1,1
7648-KAUMVM-HEU,4,2,0,4,3,2,0,2,3,0,0,2,1,1,0,1,1,1
7233-HQDDYC-VK3,4,5,0,2,2,2,0,1,1,0,0,1,0,1,1,1,0,1
5725-ECSRUB-X5V,1,1,0,4,3,6,0,3,4,0,0,1,1,1,1,0,0,1
4128-WQIOMO-MJX,1,1,1,4,1,3,0,4,5,0,0,1,0,0,0,0,0,1
5739-BYRLOH-4E9,4,3,1,2,2,5,0,1,2,0,0,0,1,1,1,1,0,1
5023-GJPZGQ-PDD,3,2,0,6,1,3,0,4,3,0,0,0,0,0,1,1,0,1
2175-VGCTPF-370,4,4,0,6,2,2,0,3,4,0,0,0,0,1,1,1,0,1
2603-JDZIQN-SZF,5,3,1,5,2,2,0,3,3,0,0,0,1,1,1,1,0,1
3542-FMTLYP-O4P,5,5,0,4,1,3,0,4,5,0,0,0,1,1,1,1,0,1
7524-OITCVK-NGI,2,2,1,2,2,5,0,1,1,0,0,2,1,1,1,1,0,1
0256-VFLEDH-Y42,1,2,0,3,4,1,0,1,4,1,0,4,0,0,0,0,1,1
1492-MUMVFT-GK0,2,3,1,2,1,1,0,2,2,0,0,0,0,0,0,0,0,1
7442-PTTPUB-IR1,3,2,0,6,3,1,1,5,5,0,0,0,1,0,1,0,0,1
5575-OHSPKK-PQT,3,1,0,4,2,3,0,5,4,0,1,0,1,1,1,1,0,1
7449-JUWOQG-ETO,2,1,0,5,1,5,0,5,5,0,0,0,0,1,0,1,0,1
9369-JGANTZ-TWM,1,2,1,2,1,3,0,1,1,0,0,1,1,0,1,1,0,1
8877-ZFRMNO-VHG,3,5,1,6,4,6,0,5,3,0,0,0,1,1,1,1,0,1
2627-JVEEIV-9S6,5,5,1,4,1,2,0,2,5,0,0,0,0,0,1,1,0,1
2247-HJDSTO-CGV,2,1,0,6,2,1,0,4,5,0,0,0,1,0,1,0,1,1
2394-ACVTAK-ENR,2,1,1,5,5,1,1,3,5,1,1,2,1,1,1,1,1,1
2589-LDUDOZ-UZ9,5,5,1,3,2,5,0,3,5,1,0,3,1,1,1,1,0,1
5912-YTXPVG-BNA,5,5,0,5,2,6,0,5,5,0,0,0,0,1,1,1,0,1
1044-QRFUCQ-ROS,1,2,0,4,2,2,0,2,2,0,0,0,1,1,1,1,0,1
7147-LQCKDM-EOP,2,4,0,5,2,2,0,3,3,0,0,0,0,0,0,0,0,1
7626-FZMBJH-OQD,5,1,0,5,1,5,0,5,5,0,0,1,0,0,1,0,0,1
3089-YPDOZJ-LRJ,4,3,1,4,1,1,0,4,3,0,0,0,1,1,1,1,0,1
9428-PNSZFS-80P,1,1,1,4,2,2,0,1,1,0,0,0,1,1,1,1,0,1
5549-BMXRWY-0CZ,3,1,1,6,1,1,0,5,5,0,0,0,0,1,0,1,0,1
6035-BJITZI-CTD,5,5,1,3,2,2,0,1,2,0,0,0,0,0,1,1,0,1
7858-HZMYYL-SX0,5,5,0,4,1,2,0,2,2,0,0,0,1,0,0,1,0,1
2685-JGCTCK-CAA,3,2,0,6,2,1,0,5,5,0,1,0,1,1,1,1,0,1
9976-EWHQDK-CWR,3,3,1,5,1,6,0,5,5,0,0,0,1,1,1,1,0,1
3436-NIDSLT-XB7,1,4,1,2,2,4,0,1,1,0,0,0,1,1,0,0,0,1
0707-GXMTZS-HUH,1,2,0,6,2,2,1,5,5,0,0,0,1,1,0,0,0,1
8336-FKVSKN-ZRS,5,2,1,3,1,1,0,2,4,0,0,0,0,0,0,0,0,1
1567-HTQZHJ-ZZH,4,1,1,2,2,2,0,1,1,0,1,3,1,1,1,1,0,1
3393-NQWUZE-BLU,2,3,0,3,2,1,0,2,4,1,1,3,1,1,1,1,1,1
4538-HQXUHM-ANV,1,1,0,4,3,6,0,3,5,0,1,2,1,1,1,1,1,1
6190-YQUYJH-0R0,1,1,1,3,2,3,0,2,2,0,0,1,0,0,1,0,0,1
8186-AQAHQR-DXH,1,2,0,6,2,2,0,4,4,1,0,2,1,0,0,0,0,1
5077-FHXWSD-9M7,5,4,0,5,2,2,0,3,4,0,0,0,0,1,0,0,0,1
6340-RNSKSA-Q6S,2,2,0,4,1,1,1,3,3,0,0,0,1,1,1,1,0,1
4314-SOPKIL-OLR,4,3,0,5,4,6,0,4,5,1,0,4,1,0,0,0,1,1
7803-BRQTCG-6NW,5,5,0,2,2,5,1,1,1,1,1,0,1,1,1,1,0,1
1615-ZJOTGT-YBL,4,5,1,3,4,2,0,1,2,0,1,3,0,1,1,1,1,1
5520-FWQJTG-3CN,4,4,0,2,2,3,1,2,2,0,0,0,1,1,1,1,0,1
4543-FDRXDN-QX7,3,1,0,6,2,1,1,3,5,0,0,0,0,0,0,0,0,1
8202-EKJFVH-DLL,2,3,0,3,1,2,0,1,3,0,0,0,0,0,0,0,1,1
6460-XYMZQS-PTJ,1,1,0,5,2,5,0,5,5,0,0,0,1,1,1,1,0,1
7983-HKLXGL-UZO,3,1,1,6,2,1,0,5,4,0,0,0,1,0,0,1,0,1
3022-QGLIBG-Y5M,3,2,1,6,1,2,0,4,5,0,0,0,0,0,0,0,0,1
2553-FRAOFI-SZX,5,3,0,3,2,3,0,2,2,1,1,2,1,1,1,1,0,1
9550-BYTUWR-QG4,5,4,0,2,2,2,0,1,1,0,0,0,1,1,1,1,0,1
8547-RLCZHH-HZ6,3,2,0,4,1,2,0,2,5,0,0,0,1,0,1,1,0,1
7524-LLKYHT-GPQ,2,1,1,3,2,6,0,3,4,0,0,0,0,1,0,1,0,1
2032-UQNDRB-U3N,1,1,1,5,1,2,0,2,4,0,0,0,1,1,1,1,0,1
4852-ZMXTZD-J4J,5,4,1,5,2,3,0,5,4,0,0,0,1,1,1,1,0,1
5110-WHLWIT-LZ9,3,4,0,3,1,1,0,2,2,0,0,0,1,1,1,1,0,1
2160-NYPZTX-5N1,2,5,1,5,2,6,0,5,5,0,0,1,0,0,0,0,1,1
4683-VRQLDK-SUP,5,5,1,5,1,3,0,4,5,0,0,0,1,1,1,1,0,1
7067-JPCCIH-NMD,2,2,1,4,1,3,0,4,4,0,0,0,1,1,1,0,0,1
2607-JYHQAJ-PXS,5,3,0,4,1,3,0,3,5,0,0,0,0,0,1,1,0,1
0172-KSFHLM-V76,3,2,0,4,1,2,0,3,3,0,0,0,1,1,1,1,0,1
0556-MOOWPK-HFE,1,1,1,5,3,6,0,5,5,1,1,4,1,1,1,1,1,1
3957-ABEZXA-PIV,2,1,0,5,2,2,0,3,5,0,0,0,1,1,0,0,0,1
5784-DIWCFC-282,4,5,0,5,2,6,0,5,5,0,0,0,1,1,1,1,0,1
0845-ZNPTKF-CKD,2,3,0,3,3,2,0,1,1,0,0,0,1,1,1,1,0,1
4500-JRIATB-YGQ,3,5,1,3,4,1,0,2,1,1,0,3,1,1,0,1,1,1
0934-PMNAUP-18N,3,4,1,2,1,3,0,2,3,0,0,0,1,1,1,1,0,1
4882-LFDOGJ-387,5,5,1,3,2,6,0,3,5,1,0,2,1,0,0,1,0,1
1382-WYHHUX-JRX,5,4,1,4,2,4,0,3,5,0,0,0,0,0,0,0,0,1
6424-HHPNRP-MXW,2,3,1,4,3,4,0,4,4,0,0,0,1,0,0,1,0,1
3305-BQDJND-MXY,5,5,1,4,2,1,0,2,5,0,0,0,1,1,1,1,0,1
2572-TOGWQI-F7T,2,3,0,3,1,3,0,3,4,0,0,0,1,1,1,1,0,1
7284-IDVWBG-1CD,1,5,0,5,4,2,0,2,4,0,0,1,1,1,1,1,1,1
5315-KXMKSF-HHP,1,1,1,4,2,3,0,3,3,0,0,0,0,0,0,0,1,1
0665-MNBZIA-8F2,1,1,1,4,2,2,0,2,2,0,0,0,0,0,1,1,0,1
6665-LFQNEK-0QZ,5,2,1,5,1,6,0,5,5,0,0,0,1,1,1,1,0,1
7734-RQNCWZ-HKY,4,2,0,5,1,4,0,5,5,0,1,0,1,1,1,1,0,1
0394-AVUMJX-JAH,3,2,1,4,4,4,0,3,4,0,0,3,0,0,0,1,1,1
9517-AJMRRS-H7Q,5,5,0,4,2,6,1,4,3,0,1,1,1,1,1,1,0,1
2233-VVYISL-VUT,2,2,1,4,4,2,0,2,3,1,0,1,0,0,0,1,1,1
1100-MHOLDR-TXJ,1,1,1,3,4,1,0,2,2,1,0,1,0,1,0,0,1,1
7157-ZSGQGF-P1D,3,1,0,2,2,2,0,1,1,1,1,2,1,1,1,1,1,1
4316-WQSXNZ-J9C,5,3,1,4,4,6,1,3,4,0,0,1,1,1,1,1,0,1
8759-ITPNSL-XL6,5,4,0,3,4,1,0,1,3,0,0,0,1,1,0,1,0,1
5483-UPUYLE-9GI,1,2,0,5,3,5,0,5,3,0,1,4,1,1,1,1,1,1
9730-HTXQGE-VQU,1,3,0,4,3,2,0,2,3,0,0,0,0,0,0,0,0,1
1227-UVXTFQ-LIH,5,3,0,5,3,2,0,4,5,0,0,0,1,1,0,0,1,1
1083-PBHZLD-1OD,5,1,1,6,3,5,1,5,5,0,0,2,0,0,0,0,1,1
3957-YFDRRZ-S0R,1,2,1,6,1,4,0,5,5,0,0,0,0,0,0,0,0,1
9380-CEFWSG-TR8,3,3,1,2,3,1,0,1,2,1,1,3,1,1,1,0,1,1
9122-PFMHXH-M31,1,3,0,4,1,2,0,2,5,0,0,0,0,0,0,0,0,1
4420-KFHEEQ-C35,2,2,1,4,4,2,0,3,3,0,0,3,1,1,1,1,0,1
4992-SKSPGD-T2A,5,4,0,6,1,6,0,5,5,0,0,1,0,1,0,0,0,1
3689-EBNKFV-ZQ3,1,1,1,5,2,1,0,3,3,1,0,0,0,1,1,1,1,1
0008-ZIQQOT-SGB,3,1,1,4,5,2,0,2,2,1,1,0,1,1,1,1,1,1
2448-XAAFIA-R0M,4,4,0,6,2,1,0,5,3,0,0,0,0,1,0,0,0,1
4622-EVSSLJ-PV5,3,2,1,6,1,6,0,5,5,0,0,0,1,1,1,0,0,1
9860-KXZFDN-O45,2,2,1,4,1,2,0,2,5,0,0,0,0,0,0,0,0,1
6502-SRXLSL-ZSM,3,4,0,4,2,6,0,5,5,0,1,0,1,1,0,1,0,1
2874-SMDULU-1HO,3,1,1,5,3,1,0,4,5,0,0,0,0,0,0,0,0,1
2320-VQPIQQ-GNI,5,4,1,3,2,2,0,1,2,0,0,0,0,0,0,0,0,1
8092-HQOERF-AHP,3,3,1,2,4,1,0,1,2,0,1,2,1,1,1,1,1,1
3324-QPKGNA-59G,1,1,0,3,2,1,0,3,2,0,0,0,0,1,1,1,0,1
0257-JWKZZF-G0Y,5,5,1,5,1,5,0,5,5,0,0,0,0,0,0,0,0,1
9327-NQZHKL-ZQC,2,4,0,5,1,3,0,5,2,0,0,0,0,1,0,0,0,1
2595-GKBUAC-XWF,1,2,1,5,1,6,0,5,5,0,0,0,0,0,0,1,0,1
3491-OKPJLS-IP6,3,5,1,3,2,3,0,2,3,0,0,0,1,1,0,1,0,1
2790-WKBKUI-SYH,5,5,1,3,2,3,0,2,3,0,0,3,0,1,0,0,1,1
4695-GKGJEO-J80,3,1,1,6,1,2,1,3,2,0,0,0,0,0,0,1,0,1
3432-TSCYSJ-VAA,5,4,1,2,2,6,0,1,1,1,1,2,0,1,0,0,1,1
9791-YBDYWO-6TU,5,2,0,5,3,1,0,4,5,0,1,0,1,1,1,1,0,1
2452-FHGGNN-K41,1,1,0,5,2,2,0,3,2,0,1,0,1,1,1,1,0,1
6243-SQPFJQ-NNQ,4,3,1,5,1,5,1,5,5,0,0,0,0,0,1,0,0,1
8638-OGVKLB-VOI,3,2,1,5,2,2,0,2,2,0,1,2,1,1,1,1,0,1
2076-HUZSPZ-MGH,3,1,0,6,2,2,0,2,5,0,0,0,0,0,0,0,0,1
5992-STZUEJ-17R,2,4,1,5,1,1,0,5,5,0,1,1,1,1,1,1,0,1
8109-MSHFRU-LDE,4,5,1,2,2,1,0,1,1,0,0,0,1,1,1,1,0,1
1522-EVEYND-4I4,2,1,1,5,2,1,0,3,4,1,1,1,1,1,1,1,1,1
5337-EUXOCW-N3Y,2,2,1,6,4,1,0,5,5,0,0,0,1,0,1,0,0,1
6945-WYTDMW-S3A,2,2,1,6,1,2,0,5,5,0,0,0,1,1,1,0,0,1
2719-FWSBVY-XOL,5,1,1,5,2,2,1,2,3,0,0,0,0,0,1,1,0,1
2036-TFDMSS-V5G,1,5,1,3,2,1,0,3,5,0,0,0,0,1,1,1,0,1
7456-PTKLMX-BTI,1,1,1,6,4,2,0,3,3,0,1,2,1,1,1,1,1,1
6759-HAAEZH-4VK,1,3,0,3,2,2,0,2,3,0,0,0,1,0,1,1,0,1
6771-YPYGMC-EUQ,3,2,0,6,2,5,0,5,4,0,0,0,0,0,0,0,0,1
8514-ZEYDWJ-VKF,4,3,0,5,2,2,0,4,3,1,0,2,0,0,0,1,0,1
5654-CEAWAX-1ZC,4,1,0,4,1,1,0,3,4,0,0,0,1,0,0,1,0,1
0031-UJQGML-YHK,3,3,0,5,2,2,0,2,3,0,0,0,0,0,0,0,0,1
0676-GBRQMZ-I1N,2,4,1,5,1,2,0,5,5,0,0,0,1,1,1,1,0,1
5830-HTVGOL-8HE,3,2,1,4,3,4,0,5,4,0,0,0,0,1,1,0,1,1
0921-OOZBRK-Q0M,5,2,1,4,3,1,0,3,5,0,0,0,0,0,1,0,0,1
1939-PPQXAN-A9X,4,2,1,4,2,2,0,2,5,0,0,0,0,0,0,0,0,1
7150-QPLWBN-PAR,3,2,0,5,2,2,1,4,3,0,0,0,1,0,1,1,0,1
1755-QGDBEN-2OX,3,3,1,6,1,3,0,5,5,0,0,0,1,1,0,0,0,1
0632-IFQCSU-JPR,4,2,1,5,2,2,0,2,3,0,1,1,1,1,1,1,0,1
1559-EGEHZG-18M,1,3,1,3,2,3,0,2,3,0,0,0,0,0,0,0,0,1
2008-JHNFFV-L7M,3,4,1,2,2,2,0,1,2,0,0,0,1,1,1,1,0,1
3131-SIHGNI-5OP,1,1,0,4,2,4,0,5,4,0,0,0,1,1,1,1,0,1
5571-TPATNX-85Y,1,1,1,5,1,2,0,4,4,0,1,0,1,1,1,1,0,1
7582-NPCYVL-L6S,2,4,0,2,3,6,1,1,2,1,1,0,1,1,1,1,1,1
4589-QHHYDN-78R,2,4,0,4,1,4,0,5,5,0,0,0,0,0,0,0,0,1
0721-WHVOVO-1NM,2,4,1,4,3,6,0,4,5,0,0,0,0,0,0,0,0,1
9895-DHNPRQ-EBG,1,1,1,4,4,1,0,3,4,0,0,4,1,1,0,1,1,1
3732-AEBOGE-D5R,2,3,0,5,2,2,1,2,2,0,0,0,1,1,1,1,0,1
3011-EPQMRZ-VPT,4,5,0,2,2,3,0,1,2,1,1,4,1,1,1,0,1,1
6466-KBIQXI-MFL,4,4,0,4,5,2,0,2,4,0,0,3,0,0,0,0,1,1
1924-YQGOHN-Y5U,4,4,1,4,3,6,0,3,3,0,0,1,1,1,1,1,0,1
3528-OLYCGU-FFP,5,3,0,6,2,2,0,3,5,0,0,0,1,1,1,0,0,1
9385-RDQDUL-MJE,3,4,1,6,1,4,0,5,5,0,0,0,1,1,1,1,0,1
5656-JXTEOC-M22,1,3,1,2,2,2,0,1,2,1,1,3,1,1,1,0,1,1
7369-VRGOME-7Q0,4,5,1,5,3,1,0,3,3,0,0,0,1,1,1,1,0,1
5427-GTPZNA-5IC,3,1,0,5,1,1,0,5,5,0,0,0,1,1,1,1,0,1
1402-OOREED-37L,2,4,1,3,1,5,0,3,3,0,0,0,0,0,0,1,0,1
3772-GPSMXT-1YH,3,4,0,3,4,2,1,1,3,0,0,0,0,1,0,0,1,1
3553-XGNZFG-OB9,5,5,0,3,3,4,0,2,3,0,0,0,0,1,1,1,0,1
7936-IYDYFQ-G9K,2,2,1,5,2,4,1,5,5,0,0,0,0,1,0,0,0,1
3639-EUAOAH-WNK,3,5,1,5,2,2,0,2,3,0,0,2,1,1,1,1,0,1
6851-QTAWZP-5BD,1,1,1,6,3,2,1,2,3,0,0,0,0,1,1,1,0,1
3930-ZVCNTJ-4AM,4,5,1,5,1,3,0,4,2,0,0,0,0,0,0,0,0,1
3290-MOLWFO-TWR,4,1,1,6,1,2,0,2,3,0,0,0,0,0,1,1,0,1
4499-OUWLNY-MFL,5,4,0,6,2,2,0,2,5,1,0,1,1,1,0,0,1,1
8595-XUTENK-7GV,4,3,0,2,3,2,0,1,2,1,0,4,0,0,0,0,1,1
2586-SHIEMY-36H,4,3,1,2,3,2,0,1,2,1,1,3,1,0,0,1,1,1
7666-WBLMFQ-66B,2,3,0,5,2,3,0,5,5,0,0,1,1,1,1,1,0,1
1648-ZISNUF-S0N,4,5,0,6,1,5,0,5,5,0,0,0,1,0,1,1,0,1
4102-ZNNHOE-CLO,1,1,1,2,2,3,1,1,1,0,0,0,1,1,1,1,0,1
1591-SNQHWX-OVE,5,3,1,6,4,5,0,5,5,0,0,2,0,0,1,1,0,1
6533-EOSNEV-48X,5,3,0,4,4,2,0,2,2,1,0,3,1,0,0,1,1,1
8421-DYVXGZ-ZT3,4,5,0,4,4,2,0,1,4,0,0,0,1,1,1,1,0,1
3802-ZEZAHK-BCU,1,1,1,6,1,2,0,4,2,0,0,0,0,0,0,0,0,1
4275-IOZLLU-SSP,2,3,0,4,4,2,0,2,2,1,0,3,0,0,1,0,1,1
2443-NHYQMG-T65,1,1,0,5,2,6,0,5,5,0,0,3,1,0,1,1,0,1
5188-XLCSHQ-5DG,2,2,0,5,2,3,1,4,5,0,0,0,0,0,0,0,0,1
5948-HWQRTV-36O,2,5,1,5,3,2,0,4,3,0,0,0,0,1,0,1,0,1
1043-IRWLWF-8JY,5,5,1,2,4,1,0,1,1,0,0,0,0,0,1,0,0,1
6321-DYNLMT-HZO,2,2,1,3,2,6,0,2,2,1,1,3,1,1,1,1,1,1
9758-STTNOX-JRP,2,4,1,6,2,6,0,5,5,0,1,0,1,1,1,1,0,1
8752-KNMEWM-MGM,3,1,0,2,1,2,0,1,1,0,0,0,1,1,1,1,0,1
5812-TZBNYC-LJ3,4,5,1,6,4,2,0,2,4,1,0,0,1,0,1,1,0,1
6287-SGPLGC-693,1,4,0,2,4,2,0,1,2,1,0,2,0,0,0,0,1,1
9390-WZYAHB-FPZ,2,3,1,5,1,4,0,5,5,0,0,0,0,0,0,0,0,1
3395-TQKMPM-INY,1,1,0,5,4,1,0,4,5,0,1,1,1,1,1,1,0,1
8244-MIBZXK-K0S,5,4,1,4,2,1,0,2,5,1,1,0,1,1,1,1,1,1
8009-NIZABN-CAI,2,1,1,4,4,6,0,4,4,0,0,0,0,0,0,0,0,1
2013-CGOHYT-GS9,1,1,0,3,4,6,0,2,3,0,0,0,0,0,0,0,0,1
9243-KEGJHL-JTY,2,2,1,3,2,1,0,2,4,0,0,0,1,1,1,0,0,1
6997-HXHTRX-8X2,1,4,1,5,1,2,0,3,4,0,0,0,0,0,0,0,0,1
8056-XUMPFP-8TM,3,3,0,5,4,3,0,5,5,0,1,4,1,0,1,1,1,1
9813-TLUHXQ-RVZ,4,3,0,6,4,6,0,5,5,0,1,0,1,1,1,1,0,1
0703-XBDCJR-LVF,3,4,1,2,1,2,0,1,1,0,0,0,0,0,0,0,0,1
0049-ZDULPT-RP6,3,3,0,3,4,5,1,1,1,1,1,2,1,0,0,1,1,1
6810-LMHVYX-RF0,1,4,1,3,3,2,0,1,3,0,0,0,1,0,0,1,0,1
7442-RTTHFP-HCF,1,2,0,3,5,2,0,1,3,0,0,0,0,0,0,0,0,1
0026-GRFYZR-6M4,3,1,1,5,1,2,0,4,5,0,0,0,1,1,0,0,0,1
6301-JHWLOH-5VB,4,1,1,3,1,1,0,3,3,0,0,0,1,1,1,1,0,1
7346-VFBTML-LRE,2,5,0,4,3,2,1,2,4,1,1,1,1,1,1,1,1,1
2121-UEWVYT-OJT,2,1,1,5,1,5,1,5,5,0,0,0,1,0,0,1,0,1
6826-SSALGJ-04J,3,1,0,2,2,1,0,1,1,0,0,0,0,0,0,0,0,1
4196-VTMLQK-645,1,1,0,6,3,3,0,4,3,0,1,0,1,1,1,1,1,1
2572-TXSMBE-U04,1,1,0,6,1,3,0,5,5,0,0,0,1,1,1,0,0,1
7856-WYNHPK-95W,4,3,1,5,1,1,0,3,3,0,0,0,1,1,1,1,0,1
6805-CDCHTB-H1R,3,2,0,4,2,2,0,2,5,0,0,0,0,1,1,1,0,1
2891-DHXSLS-50D,4,5,1,5,1,1,0,5,5,0,0,0,1,1,1,1,0,1
0899-FYORWV-86N,3,2,0,6,1,6,0,5,5,0,0,0,1,1,1,1,0,1
4877-OZDGZH-D9M,3,2,1,5,2,6,0,5,5,0,0,3,1,1,1,1,0,1
6704-LTYDYF-H8I,5,2,1,6,4,2,0,3,5,0,0,1,0,1,1,1,0,1
3833-RQEFZV-E3U,4,5,1,2,2,2,0,1,3,0,0,0,0,0,0,0,0,1
1865-LDHCGC-3C3,5,3,0,6,3,2,0,2,5,1,1,3,1,1,0,1,0,1
1911-QWFGHD-HTX,4,1,1,4,5,2,0,1,1,0,1,1,1,1,1,1,0,1
3991-CUORUO-49K,1,1,0,5,1,1,0,4,2,0,0,0,0,0,0,0,0,1
7601-FNPEPR-XD7,5,3,1,4,1,2,0,1,4,0,0,1,1,1,1,1,0,1
1248-ATKOWR-PNB,5,5,0,2,1,2,1,2,2,0,0,0,0,1,1,0,0,1
9155-FBCWQW-GZ8,5,3,0,5,2,2,0,2,5,0,0,0,1,0,1,0,0,1
6681-BBHXAH-UTM,2,1,1,5,2,6,0,5,5,0,0,0,0,0,0,0,0,1
3646-KWPMLI-9I2,5,3,1,3,2,2,0,1,3,0,0,0,0,0,0,0,0,1
5901-KJGWAL-MWZ,1,5,0,5,4,6,0,5,5,1,1,3,1,1,1,1,0,1
2551-GFSNZU-HAE,5,2,0,3,4,2,0,1,3,0,0,0,0,0,0,0,0,1
7002-PINHGY-1E8,5,5,0,6,4,1,0,5,4,0,1,4,1,1,1,1,0,1
0014-DOIOFX-LXB,2,2,1,4,2,5,0,3,5,0,0,0,0,0,0,0,1,1
8487-TEPZCO-AVW,5,5,0,4,2,1,0,2,3,0,0,1,0,0,0,0,0,1
5854-VYBQTS-I6R,5,4,0,4,2,2,0,2,1,0,0,0,0,1,1,0,0,1
0907-TDBVNN-ZAT,5,1,0,3,3,6,0,2,3,1,0,4,0,0,0,0,1,1
2868-EXFXBT-1O7,1,1,1,3,4,1,0,2,2,0,0,0,1,1,1,0,0,1
1504-YOFFPM-NA3,2,5,0,5,1,6,0,5,5,0,0,0,1,1,1,1,0,1
4987-QHPGRQ-73G,1,4,1,2,4,1,0,1,3,1,1,1,1,1,1,1,1,1
9557-IITNLK-1NR,4,3,0,2,2,1,0,1,1,1,1,3,0,0,0,1,1,1
9919-ORWGSQ-8Q6,2,2,0,6,3,6,0,5,5,0,0,0,1,1,1,1,0,1
5468-WESAXW-0QR,2,1,1,5,4,2,0,1,2,1,0,1,0,1,0,0,1,1
8330-HXKTOD-G48,5,4,1,6,4,2,1,2,2,0,0,0,1,1,1,1,0,1
2838-ODWGTI-SB5,2,2,1,4,1,5,0,3,2,0,0,0,0,1,0,1,0,1
7607-GRPLIE-C1J,1,1,1,3,2,1,0,2,2,0,0,0,0,1,1,1,0,1
3692-CLHXLX-H7W,4,1,0,6,2,6,1,5,5,0,0,0,0,0,0,0,0,1
1498-AHEYHZ-G4E,4,1,1,5,2,2,0,3,4,0,0,0,1,1,0,1,0,1
0873-MIADPJ-6VP,5,1,1,4,5,1,0,2,5,0,1,3,1,1,1,1,1,1
9518-MWCQQO-Q97,4,3,0,6,3,5,0,5,5,0,0,0,0,0,0,0,0,1
9667-MUTWBN-CTA,2,2,0,2,2,1,0,1,1,0,0,3,0,1,0,0,0,1
1414-AAECEB-G5D,1,2,1,4,3,5,0,4,2,0,0,0,1,1,1,1,0,1
0561-UFDIXT-TF7,2,3,1,5,1,1,0,3,4,0,0,0,1,1,1,1,0,1
4190-QKVGDX-K2U,3,1,0,5,4,2,0,2,4,1,1,3,1,1,1,1,1,1
3504-LEWPCH-MBE,2,2,0,6,1,3,0,5,5,0,0,0,1,1,1,1,0,1
6642-GBKNSR-E5T,3,3,1,6,3,2,1,4,5,0,0,1,0,0,0,0,0,1
3021-VWVAPW-MHM,4,1,1,3,1,2,0,2,3,0,0,0,0,0,1,1,0,1
6079-FVDGCV-EYX,4,3,0,2,2,1,0,2,2,0,0,0,1,1,0,0,1,1
5335-EGCIAU-EGK,3,1,0,5,2,5,1,5,5,0,0,0,0,0,0,0,0,1
6059-AUMTKD-Q9A,1,2,0,6,3,1,0,3,5,1,0,0,0,0,0,0,0,1
6352-DYVEHV-71L,2,2,1,2,2,2,0,1,1,0,0,0,1,1,0,1,0,1
9170-DWFWOA-P5A,4,3,0,2,1,3,0,2,2,0,0,0,0,1,0,0,0,1
3787-PDMPIW-RUL,2,1,0,5,1,6,0,5,5,0,0,0,0,0,0,0,0,1
3363-PGGDEU-K45,4,5,0,6,2,2,0,2,5,1,0,2,0,0,0,0,1,1
4859-BROKIE-LZS,2,1,0,2,2,1,0,1,1,0,0,1,0,0,1,1,0,1
8824-OIWSDO-RNI,3,5,0,4,4,1,0,3,3,1,1,2,1,1,1,1,1,1
5190-YOFIZY-657,3,1,1,2,2,2,1,1,3,0,0,0,1,1,1,1,0,1
8390-RSQBFF-Q3F,4,4,1,3,4,1,0,2,4,1,1,0,1,1,1,1,1,1
6254-RFUQRE-7QK,1,3,0,4,2,3,0,4,4,0,0,0,0,1,1,1,0,1
5485-OAPJJG-DEJ,3,4,1,2,4,2,0,1,2,0,0,1,1,0,1,1,0,1
2067-LYKEFN-EEO,5,4,1,4,4,2,0,2,2,1,1,4,0,0,0,0,1,1
5410-ZTFPDV-1XL,4,2,1,2,3,4,0,1,3,0,0,0,0,1,1,0,0,1
8484-UVTYOP-GV9,4,2,1,2,1,1,0,1,2,0,1,0,1,1,1,1,1,1
9583-QGZJMP-WEL,1,3,0,6,4,6,1,5,5,0,0,0,0,0,1,1,0,1
2038-BKOXRV-YQW,1,1,0,6,3,6,1,4,5,1,0,2,0,0,0,0,1,1
0387-ILUHZR-U94,3,4,1,6,2,2,0,2,5,0,1,0,1,1,1,1,0,1
5256-NMNPYW-3WD,3,1,1,4,2,3,0,4,3,1,1,1,1,1,1,1,1,1
1399-TKHYPQ-CB4,4,1,1,4,3,1,0,2,3,1,1,1,1,1,1,1,1,1
7952-SQHAIJ-J6T,1,1,1,2,2,5,0,1,1,0,0,4,0,0,0,0,0,1
1401-EKFFEL-5SJ,2,3,0,4,2,2,1,3,3,0,1,4,1,1,1,1,0,1
1745-SREKOB-0YG,2,2,0,5,1,3,0,3,5,0,0,0,1,1,1,1,0,1
0543-DOKJRU-CVO,2,4,1,4,2,2,0,3,5,1,1,2,1,1,1,1,0,1
6194-VNSVNZ-AEU,2,2,1,6,1,1,0,5,5,0,0,0,0,1,1,1,0,1
3296-BHBGTB-IGY,1,1,0,5,3,3,0,5,5,1,1,0,1,1,1,1,0,1
1543-YZTNSD-L60,2,1,0,6,1,6,0,5,5,0,0,0,0,0,0,1,0,1
3664-BLRUZH-TSB,1,2,1,2,3,1,0,1,2,1,1,3,1,1,1,1,1,1
0290-YJPOKT-GVX,5,5,1,5,2,2,1,2,3,0,0,0,1,1,1,1,0,1
2056-QRYERZ-MQ5,2,5,0,5,4,1,0,2,4,0,1,0,1,1,1,1,0,1
1500-WZPUFV-C19,2,1,0,4,2,5,0,3,4,0,0,0,1,1,1,1,0,1
6455-AFPJKM-U2Q,4,1,0,5,3,1,0,3,5,1,1,4,1,1,1,1,1,1
2445-UMQEJQ-FSW,2,1,1,6,2,3,0,5,5,0,0,0,1,1,1,1,0,1
2978-DVFGBI-RFJ,1,1,1,4,4,2,0,3,4,1,1,2,1,1,1,1,1,1
7675-HUOAAV-4L0,3,2,1,5,2,1,0,4,5,0,0,0,1,1,1,1,0,1
7495-PRHWVG-ZVM,2,1,1,6,2,3,0,5,5,0,0,0,1,1,1,1,0,1
9509-TWYLDW-KW9,5,2,0,6,1,2,0,3,3,0,0,0,1,1,1,1,0,1
2012-JKFDFH-E4N,5,5,1,5,4,1,0,5,5,0,1,4,1,1,1,1,0,1
1279-NZUIEV-QK5,3,1,0,4,2,1,1,2,2,0,0,0,1,1,1,1,0,1
0490-NIIOCS-NBA,3,2,0,3,4,1,0,2,4,1,1,4,0,0,1,1,1,1
0639-AWCJZD-NVF,1,2,1,6,2,2,0,3,4,0,0,0,1,1,0,1,1,1
6738-QPDWSF-94T,5,2,1,4,4,3,0,3,3,0,1,0,1,1,1,1,1,1
7898-VVDOKL-C9F,2,2,1,4,3,2,0,3,4,0,0,4,1,1,1,1,0,1
9402-KGKHDE-WVK,3,1,1,5,1,5,1,5,5,0,0,0,1,1,1,1,0,1
1252-QTHRSG-RSZ,4,4,0,4,2,2,0,2,2,0,0,0,0,0,0,1,0,1
8530-UFAWAZ-9DK,5,3,1,4,2,3,1,5,5,0,0,1,0,0,0,0,1,1
7852-XHVHXE-S8D,3,2,0,3,2,2,0,2,1,0,0,0,1,1,1,1,0,1
7932-GMZJZV-P12,1,1,1,5,2,6,0,5,3,0,0,0,0,0,1,0,0,1
9800-TSVDJH-FJX,2,1,0,5,5,2,0,3,3,0,1,1,1,1,1,1,0,1
3589-CAYBPB-PS0,1,1,1,5,1,1,0,4,5,0,0,1,0,0,0,0,1,1
1906-NRWEYB-E31,5,4,1,5,1,2,0,2,5,0,0,0,0,0,1,0,0,1
2521-BKEFER-MS1,3,1,0,6,2,6,0,5,5,0,0,0,1,1,1,1,0,1
9955-CVMUZH-O6X,5,1,1,5,2,1,0,5,5,0,1,0,1,1,1,1,0,1
7712-CRYKYM-PWK,2,4,1,6,1,3,0,4,5,0,0,0,1,1,1,1,0,1
7905-XHHBUD-Z8U,2,5,0,3,1,1,0,3,4,0,0,0,0,0,0,0,0,1
2610-YGEKFL-GHX,3,2,1,5,1,1,0,3,5,0,0,0,0,0,0,1,0,1
3925-TLDSPA-F84,4,1,0,6,1,1,0,4,5,0,0,0,1,1,1,1,0,1
0409-MMPGJY-ECA,1,1,1,5,2,5,1,5,4,0,0,0,0,1,1,1,0,1
3041-CFQIHA-0PK,3,5,1,6,1,2,1,3,3,0,0,0,1,1,1,1,0,1
4781-EJROCZ-AWL,3,4,1,5,5,1,0,4,5,1,1,3,1,1,1,1,1,1
9924-PVEYVX-VBS,5,4,1,4,1,4,0,5,5,0,0,0,1,1,1,1,0,1
8685-HTXFEY-GTL,1,1,0,6,1,4,1,5,5,0,0,0,1,1,0,0,0,1
1783-GEOTHA-HSY,4,2,1,3,3,1,1,2,2,1,1,2,1,1,1,1,1,1
7285-CIPXYQ-3C6,2,3,1,2,1,2,0,1,1,0,0,0,1,0,0,0,0,1
2976-TTQMQV-BAM,4,3,1,6,2,5,0,5,2,0,0,0,0,0,0,0,0,1
0658-OLLRSH-UUO,4,2,0,4,3,1,0,3,5,0,1,1,1,1,1,1,0,1
6961-EUBTGU-KQY,5,2,0,4,2,3,1,5,5,0,0,1,1,1,1,1,0,1
9728-PCVERU-QUL,4,4,0,5,4,1,0,4,3,0,1,3,1,1,1,1,1,1
5497-GGHDKQ-WYP,4,3,0,4,4,2,0,3,2,0,1,2,1,1,1,1,0,1
0119-ZUYERZ-58D,4,2,1,6,1,6,0,5,5,0,0,0,1,1,1,1,0,1
8970-FKSRYN-TA5,2,1,0,3,2,2,0,1,3,0,0,0,0,0,1,0,0,1
9553-WKDCMK-2EK,1,3,1,4,1,3,0,4,2,0,1,1,1,1,1,1,0,1
2944-UOGCBI-E3T,3,4,1,2,2,2,0,1,1,0,0,1,0,0,0,0,0,1
3596-FZKZDT-MYI,5,4,0,5,5,6,1,5,3,1,1,0,1,1,1,1,0,1
8678-FRWADD-6I9,4,5,1,3,2,3,0,3,4,0,0,0,1,1,1,1,0,1
4479-YKVLST-PE9,5,5,1,4,3,5,0,4,3,1,0,3,1,1,1,1,0,1
2788-BYDXYB-OI9,4,5,1,5,2,5,1,5,5,0,1,0,1,1,1,1,0,1
0864-OTEHNB-Q8G,2,4,0,2,2,1,0,2,2,0,0,0,0,0,0,0,0,1
6534-ZARVNK-OUP,5,4,1,4,1,6,1,5,5,1,0,0,0,0,0,0,0,1
8687-PKARKB-0I0,3,5,0,5,1,1,0,4,3,0,0,1,0,0,0,0,0,1
7498-EEYJYN-NHZ,1,1,0,4,2,2,0,3,5,1,1,1,1,1,1,1,0,1
1906-FOLHPJ-CZZ,3,1,1,6,2,2,0,3,5,0,0,0,0,0,0,1,0,1
9702-XRANJC-13S,1,1,0,3,2,3,1,2,1,0,0,2,0,0,0,0,0,1
7867-AAQREG-Y59,2,2,1,5,3,1,1,4,4,0,0,0,1,1,1,1,0,1
2610-FLEKEU-W4B,2,3,1,5,2,3,0,4,4,0,0,1,0,0,0,0,0,1
0550-QFCXTL-1UY,2,4,1,5,4,2,0,3,5,0,0,0,0,0,0,0,0,1
5034-BGWIVG-7OV,3,2,0,2,2,1,0,1,1,0,0,0,1,1,1,1,0,1
6887-CUYUZU-X95,4,2,0,4,1,5,0,3,3,0,0,0,0,0,0,0,0,1
5023-JCJQTK-DF3,3,2,0,5,2,2,0,4,5,0,0,0,1,1,1,1,0,1
6543-LLFVMV-WXX,3,1,0,2,1,2,0,1,1,0,0,0,1,1,1,1,0,1
0251-NNYDYD-ZVW,4,2,0,4,3,3,0,2,5,1,0,3,0,0,0,1,1,1
2129-FHCWLZ-ZM5,3,3,1,6,4,1,1,4,5,0,0,0,1,1,1,1,0,1
5128-AHGTLR-ECI,2,1,1,3,3,2,0,1,3,0,0,0,1,1,1,1,0,1
4891-UBNVXR-I1X,2,2,0,4,1,1,0,2,3,0,0,0,1,1,1,1,0,1
3898-XYJZTF-LML,1,1,0,2,3,1,0,1,2,0,0,0,0,0,0,0,0,1
5523-BSOVSA-AOW,4,5,0,2,2,1,1,1,2,0,1,0,1,1,1,1,0,1
5757-QFBWHI-1XM,2,1,1,5,2,1,0,3,4,0,0,0,1,0,1,0,0,1
0946-YVIXMA-X0W,1,1,1,3,1,1,0,2,2,0,0,0,1,1,1,1,0,1
4080-UQGRFL-92T,1,2,0,5,2,3,0,5,5,1,0,0,1,0,0,1,0,1
1478-EHVOGF-I3J,1,1,0,6,2,2,0,2,2,0,0,1,1,1,1,1,0,1
7406-EQOEFH-RKP,4,4,0,4,2,6,0,3,2,0,0,3,0,0,0,1,0,1
4536-GMAOFO-C7G,2,1,1,3,1,1,0,2,2,0,0,0,0,0,0,0,1,1
8344-YNPUTQ-BS9,5,1,1,5,2,3,0,4,5,1,1,1,1,1,1,1,1,1
6252-CJKGDC-H6U,2,1,0,3,2,1,0,2,3,1,0,1,1,0,0,0,1,1
8163-YIYWHC-E4Q,1,2,1,3,5,2,0,1,2,1,1,3,1,1,1,1,0,1
4166-MFJSXA-T7W,3,2,1,5,5,5,0,5,4,0,0,3,1,0,0,0,0,1
7820-OFHGFW-M5X,3,3,0,5,1,1,0,4,5,0,0,0,1,0,1,1,0,1
9751-KKBDPN-CJG,2,2,1,2,2,3,0,1,2,0,1,1,1,1,1,1,1,1
1872-NNWTDW-A7N,4,5,0,5,1,3,1,5,5,0,0,0,0,0,0,0,0,1
1831-IHOELQ-KXI,1,1,1,4,1,1,0,4,3,0,1,0,1,1,1,1,0,1
7486-NNVANT-C8P,3,1,0,5,1,1,0,5,5,0,0,0,1,1,1,0,0,1
9462-EXPIMT-IQ2,4,5,0,5,2,1,0,2,5,0,0,0,1,1,0,1,0,1
6505-GAEHYO-NRP,4,3,0,6,2,3,0,5,5,0,0,0,1,1,1,1,0,1
4365-SGXXAO-7WU,1,2,1,3,2,4,0,2,1,0,0,2,0,0,0,0,0,1
4239-LWZCTF-4C2,3,3,1,5,1,6,1,5,5,0,0,0,0,0,0,0,1,1
7930-RHVBUB-KIL,2,1,0,3,1,1,0,3,4,0,1,0,1,1,1,1,0,1
0943-QMXLGU-4QA,3,3,1,5,2,3,0,5,4,0,1,0,1,1,1,1,0,1
0676-QZBXPH-T87,3,3,1,6,1,6,0,5,5,0,0,0,1,1,1,1,0,1
8026-CYWMJI-1O2,5,2,1,6,3,2,0,2,5,0,0,0,1,1,1,1,0,1
6372-AYKPRL-Q4B,4,2,0,4,3,2,0,1,1,0,1,3,1,1,1,1,1,1
1142-NJMGGT-FIA,5,3,0,6,1,2,0,4,5,0,0,0,0,0,0,1,0,1
6266-RPFUST-N4B,3,5,1,5,4,2,0,3,4,1,1,1,0,0,0,0,1,1
3012-WLEFBR-R17,2,2,0,5,1,5,0,5,5,0,0,0,0,0,0,0,0,1
2678-CLOHMI-U3G,3,1,0,5,2,3,0,5,3,0,1,0,1,1,1,1,1,1
2649-LMSFFN-EVH,5,2,0,5,3,2,1,3,2,1,0,1,0,0,1,0,0,1
7139-ECRLZI-XGU,3,4,1,3,4,3,0,3,4,1,0,0,0,0,1,0,1,1
5656-ZNMXTE-KZR,3,2,0,3,3,5,0,3,2,0,0,0,1,1,1,1,0,1
9643-NDPSTS-VDD,5,4,0,6,1,1,0,4,5,0,0,0,0,0,0,0,0,1
2280-MACNBB-DNN,1,2,0,3,3,6,0,2,3,0,0,0,0,1,0,0,0,1
8864-QJEYKC-HRG,2,2,1,4,1,3,0,3,4,0,0,0,0,0,0,0,0,1
0124-VNHDHV-64B,1,2,0,5,2,2,0,3,5,0,1,0,1,1,1,1,0,1
8181-CJGFTK-WMQ,3,3,0,2,2,2,0,1,2,0,0,0,0,0,0,0,0,1
4488-KQTZED-Q06,1,2,1,3,2,2,0,1,3,0,1,0,0,1,1,0,0,1
8836-WJSYDN-S8B,5,3,1,5,2,1,0,5,5,0,0,0,1,0,0,1,0,1
1686-PTRDXW-RWB,5,1,1,4,2,6,1,4,3,0,0,0,1,1,1,0,0,1
6513-MAGRLJ-DEW,3,3,1,4,3,2,0,1,1,0,0,0,0,0,0,0,1,1
0648-RNQRPF-KF0,1,2,1,6,1,6,0,5,5,1,0,4,0,0,0,1,1,1
2516-FHCEGP-5US,4,5,1,5,1,2,0,2,2,0,0,0,1,1,1,0,0,1
1096-OSGWYY-4Y7,5,4,1,3,2,2,0,2,4,1,1,4,1,1,1,1,0,1
7758-VYSIUX-GBM,2,1,1,5,2,2,1,3,3,1,0,0,0,1,1,1,0,1
7151-RSJDRN-G6T,1,4,0,5,1,1,0,4,5,0,0,0,0,0,0,0,0,1
0974-MOYXTI-LAB,1,1,1,4,2,5,0,4,3,0,0,0,1,1,1,1,0,1
8061-OGRMYK-KZ8,3,5,0,5,2,1,0,5,4,0,0,0,1,1,1,1,0,1
5310-JKBHBW-KT9,2,2,1,6,3,3,0,5,5,0,0,0,1,1,1,1,0,1
3100-PRHVDU-8EW,5,5,1,2,3,2,0,1,2,1,0,4,0,0,0,0,1,1
0388-KHMXUA-ZCP,1,1,0,5,1,1,0,4,5,0,0,0,1,1,1,1,0,1
3964-QJWTRG-NPN,1,2,1,2,3,1,1,1,2,1,0,0,0,1,1,1,0,0
0648-AIPJSP-UVM,5,5,0,2,4,2,0,1,2,1,1,4,1,0,1,0,1,0
5195-TLUDJE-HVO,3,4,1,6,2,2,0,5,5,0,0,0,0,0,0,0,0,0
8158-SMTQFB-CNO,2,2,0,3,3,2,0,1,3,0,1,3,1,1,1,1,0,0
9662-FUSYIM-1IV,4,4,0,5,4,3,0,5,3,1,0,0,1,1,1,1,0,0
7432-QKQFJJ-K72,2,5,1,5,2,1,0,3,2,0,0,1,0,0,1,0,0,0
8959-RZWRHU-ST8,3,4,1,4,3,1,0,4,5,0,0,0,1,1,1,1,0,0
3512-MUWBGY-52X,2,2,0,4,1,6,0,5,2,0,0,0,0,0,0,0,0,0
5621-QSZPSF-NF2,4,1,1,5,4,1,0,3,5,1,0,3,0,1,0,0,1,0
8241-PWPONH-62O,2,4,1,3,1,2,0,2,2,0,0,0,0,0,0,0,0,0
8795-FYOXCT-P09,5,2,0,4,1,1,0,4,1,0,0,1,1,1,1,1,0,0
1705-NMIQNO-IC4,3,2,0,5,4,1,0,2,5,0,0,0,1,0,1,1,0,0
9205-PAZEXY-90Q,2,1,1,6,5,4,1,5,5,1,0,0,0,0,1,0,1,0
4225-PZZDIY-IBH,3,1,1,6,2,6,1,5,5,0,1,1,1,1,1,1,0,0
0758-EQEGIQ-3OF,1,1,1,5,4,4,0,5,4,1,1,3,1,1,0,1,1,0
0649-TBFJFL-QU4,5,2,0,5,2,6,1,5,5,0,0,0,1,0,1,1,1,0
3853-NVDCOJ-TIN,1,1,1,6,3,1,0,3,3,1,0,1,0,0,0,0,1,0
0765-UXAFYM-PDR,3,3,0,5,3,1,0,2,4,0,0,1,1,1,1,1,0,0
9937-SFPLRK-H9Y,2,4,0,6,4,2,1,2,5,0,0,3,0,1,0,1,0,0
0712-WQXYVV-HUP,4,1,0,5,2,6,0,5,5,1,0,3,0,1,0,0,0,0
6441-FJUWZQ-7G8,3,4,0,4,1,1,1,2,4,1,1,4,1,1,1,1,1,0
7634-AVNEXZ-7AG,1,3,0,4,2,1,0,2,1,0,0,1,1,0,1,1,0,0
2041-PNMGHX-TXJ,4,3,1,6,2,3,0,5,5,1,1,2,1,1,1,1,1,0
4626-BQZAUJ-V9K,5,4,1,3,3,2,0,1,2,1,0,4,0,0,0,0,1,0
2969-ODPCDX-5DC,2,1,1,2,4,6,0,1,2,1,0,0,0,0,0,0,0,0
4974-FUBHDF-Z7L,3,1,1,6,3,1,0,5,5,0,0,0,1,1,0,0,0,0
2525-OSULNV-0KS,5,3,0,4,4,1,1,2,4,0,0,2,0,0,0,0,0,0
4973-FHPBZQ-AAA,3,5,0,5,2,3,0,5,5,0,0,0,0,0,1,1,0,0
4726-RQKGNB-WAK,2,2,1,5,4,1,0,4,5,1,1,4,0,0,1,0,1,0
6592-QBSENI-6Y4,1,1,1,5,1,2,1,2,1,0,0,0,1,1,1,1,0,0
5538-DRGHIE-PF0,1,1,0,3,1,2,1,1,3,0,0,0,0,0,1,0,0,0
3550-PQUPPM-42T,3,3,0,5,5,2,0,4,3,1,1,3,1,1,1,1,1,0
9809-NBCXAS-1RB,4,5,0,4,2,2,0,2,4,1,0,3,0,0,0,0,1,0
8733-EDAXNE-8DV,3,1,0,4,5,5,0,5,5,1,1,3,0,1,0,0,1,0
8170-YHWTSQ-825,5,2,0,6,1,2,0,2,4,0,0,0,1,1,1,1,0,0
1144-GVCZDP-8DV,2,3,1,4,5,1,1,2,4,1,1,4,0,0,0,0,1,0
8846-JJEGFU-I69,1,1,1,5,2,1,0,4,4,0,1,2,1,1,1,1,0,0
4226-TEHKPJ-GKG,1,2,1,5,2,3,0,3,4,0,0,0,1,1,1,1,0,0
9714-LCYJJB-SCS,5,2,0,3,2,1,0,1,3,1,0,2,0,0,0,0,0,0
0197-AMEAYR-851,5,1,0,4,4,2,0,1,4,1,0,0,0,0,0,0,1,0
1743-WAHPKT-DNW,5,1,0,6,1,2,0,4,3,0,0,0,0,1,0,0,0,0
9840-VEWFQZ-W5V,3,1,1,4,4,2,0,2,2,0,0,0,0,0,0,0,0,0
6203-JLXPIJ-YQZ,5,5,0,4,1,6,0,4,5,0,0,0,0,0,0,0,0,0
4643-WSLHBV-DM5,2,1,0,5,5,3,0,5,5,0,1,3,1,1,1,1,1,0
1441-JNZRPW-8KQ,3,3,1,3,2,6,0,3,2,0,0,0,0,0,0,0,1,0
5811-BKUTYY-F7I,2,1,1,5,4,6,0,5,3,0,0,2,0,1,0,1,0,0
0926-OZQUQX-GXA,2,2,0,4,1,1,1,2,5,0,0,0,0,0,1,0,0,0
5007-HXEVVL-NW5,3,2,1,4,2,1,0,4,3,1,1,4,1,1,1,1,1,0
8101-YOBRYX-REF,3,3,1,5,3,1,0,3,2,0,1,2,1,0,0,1,0,0
8267-UTARFV-TZK,4,1,1,5,5,3,0,4,3,0,0,0,0,1,1,1,1,0
4432-KMTQXO-788,5,4,1,5,4,1,0,3,5,1,1,2,1,1,1,1,1,0
9172-WITHKP-BXZ,2,1,1,3,4,2,0,1,4,0,1,1,1,1,1,1,1,0
0992-DNDKIT-CUP,5,3,0,2,3,6,0,1,2,1,0,4,0,0,0,0,1,0
2654-JRLXAI-HC7,2,1,1,4,1,1,0,2,3,0,0,0,1,0,1,0,0,0
0405-BACHZT-AYK,4,1,0,2,4,1,0,1,2,1,1,4,0,0,0,0,1,0
4939-KCMADL-HLM,3,2,1,6,3,2,0,5,4,0,1,0,1,1,1,1,0,0
4724-UVMKNV-Z1I,2,2,0,6,1,1,0,5,5,0,0,0,0,0,0,0,0,0
4231-HZEXGK-HRI,4,3,1,3,5,1,0,1,2,0,0,1,0,0,0,0,0,0
4979-WSWKYV-BSV,2,1,1,4,3,3,0,3,4,0,0,0,0,0,0,1,0,0
7245-IUATZR-VLV,5,1,0,3,2,2,0,1,3,0,0,0,0,0,0,0,0,0
2041-WAUPOH-84L,1,4,0,4,1,2,0,3,3,0,0,0,0,0,0,0,0,0
5472-GUGMBS-ZVK,3,2,1,2,2,3,1,1,2,0,0,0,0,0,0,1,0,0
1811-FUILIP-L3S,3,1,1,5,1,5,1,5,5,0,0,0,1,0,1,1,0,0
9184-ABVZGX-Z4V,2,1,0,6,4,2,1,3,5,1,1,4,1,0,0,0,1,0
9891-ZXATIA-55Z,3,2,0,4,3,6,0,3,3,0,0,0,1,0,0,0,0,0
6246-WBWHHS-GFB,4,3,1,3,3,2,0,2,3,0,0,1,1,1,1,1,0,0
2212-AOYDMW-0ZV,2,2,0,6,5,1,1,4,5,0,0,1,1,0,0,1,0,0
8268-VLELYK-IJK,5,3,1,4,1,3,0,5,3,0,0,0,0,0,0,0,0,0
6023-TINSQC-7T4,3,3,1,5,4,6,0,5,3,1,1,4,0,1,1,1,1,0
2332-AAKERL-PNS,3,4,1,5,4,1,0,3,5,0,0,0,1,1,0,1,0,0
8888-ERPHEF-H3V,4,5,1,6,1,3,0,5,3,0,0,0,0,0,0,0,0,0
0213-HSPXOI-LYR,5,5,1,2,3,5,0,1,2,1,0,2,0,0,0,0,1,0
9095-NXHCNI-HXG,3,3,1,3,4,1,0,1,1,1,1,2,1,1,1,1,1,0
4730-MCQYEE-7XQ,4,2,1,3,5,2,0,1,3,1,1,4,1,1,0,1,1,0
4048-TDAQGT-9Y6,1,2,0,5,1,6,0,5,5,0,0,1,1,1,1,1,0,0
4336-AZJUON-KO0,5,4,0,6,4,1,0,3,4,0,0,2,1,0,1,1,0,0
5495-XNMJLP-GBP,4,4,0,6,3,1,0,5,5,0,0,1,1,1,1,1,0,0
9844-JTMVSQ-J5G,3,2,0,5,3,5,0,5,5,1,0,1,1,1,1,1,1,0
6960-IEHYJM-SCB,5,1,1,2,3,2,0,1,2,1,1,2,0,1,1,1,1,0
2566-HGSGRK-ROU,3,1,0,5,4,2,0,3,5,1,1,3,1,1,1,1,1,0
7164-HJCLUK-29N,3,2,1,6,1,1,1,5,5,0,0,0,1,1,1,1,0,0
8802-ZPAEGX-52Q,3,1,0,5,3,2,0,3,5,0,0,0,0,0,0,0,0,0
0309-KOSUPM-CSV,5,2,0,3,2,1,0,2,2,1,0,3,0,0,1,0,1,0
8514-TCRHWV-DPM,3,1,0,6,1,5,0,5,3,0,0,0,0,0,0,0,0,0
7441-RFDNVF-7SP,3,3,0,5,3,1,0,4,5,1,0,0,0,0,0,0,0,0
1150-ESKSKG-FRM,1,1,0,6,1,2,0,4,4,0,0,0,0,0,0,0,0,0
7196-SOFWOP-3K6,1,1,0,6,4,1,1,5,5,0,0,2,1,0,0,1,1,0
9083-WGKZAH-8XR,2,2,1,2,3,2,0,1,1,1,0,3,0,0,0,0,1,0
8552-ZQJYEJ-BW1,3,4,0,6,3,2,0,3,5,1,0,1,0,0,0,0,0,0
3686-HKVHPL-GU6,1,5,1,6,3,2,0,2,5,0,0,0,1,1,0,0,0,0
4923-DBKSJV-D3H,4,2,1,4,4,3,0,3,3,1,0,4,0,0,0,1,0,0
4588-ODXEGS-UGY,2,1,1,4,2,5,1,4,5,0,0,0,0,1,1,0,0,0
2689-VYLAYC-OSJ,5,3,1,5,1,6,1,5,5,0,0,0,0,0,0,0,0,0
1086-IKBULJ-52W,1,3,1,4,3,1,0,3,1,0,0,0,0,0,0,0,0,0
3149-SOXJIB-AZ6,2,3,0,6,2,3,1,3,4,0,0,2,1,0,1,1,0,0
4487-UIOHOC-Y6X,1,3,0,6,3,1,0,4,5,0,0,1,1,1,1,1,0,0
3319-BOOXCD-PSQ,5,5,1,6,4,1,0,5,5,0,0,2,0,1,0,0,0,0
3630-CTGBIF-YIX,5,5,1,5,1,1,1,5,5,0,0,0,0,1,1,1,0,0
2594-FSOPWS-H02,3,4,0,5,2,2,0,2,5,1,0,3,0,0,0,0,0,0
3335-MFSNGA-J31,1,4,1,6,1,3,0,5,5,0,0,0,1,1,1,1,0,0
3239-YTOCDY-213,4,4,0,5,5,6,0,5,5,1,0,4,0,1,1,0,1,0
1226-OKZENG-YMZ,5,5,1,5,2,2,0,2,3,1,0,0,1,1,1,1,0,0
1946-CHZAKX-7PK,2,2,0,4,2,2,1,1,4,0,0,0,0,0,0,0,0,0
1587-LHMXIB-2NP,1,1,0,5,1,4,0,5,5,0,0,0,0,1,1,0,0,0
8916-LWSVNK-W0Q,4,2,1,4,2,5,0,3,2,0,0,0,1,1,1,1,0,0
3755-JZHSNC-YVQ,1,5,1,5,1,5,0,5,5,0,0,0,1,1,0,0,0,0
6055-WFKEYT-97B,4,5,0,4,4,6,0,4,3,1,0,2,0,0,0,0,0,0
4898-VWAWIL-UWT,1,1,1,4,2,1,0,2,5,0,1,4,0,1,1,1,0,0
0161-ZGCKJD-1M2,4,3,0,5,4,1,0,3,2,1,0,4,0,0,0,0,1,0
0481-RFVYIH-H7J,4,3,0,6,3,4,0,5,5,0,0,0,1,1,1,1,0,0
9830-UFEBRB-WOE,4,3,0,6,1,4,0,5,4,0,0,0,0,0,0,0,0,0
3912-EDPWEY-1ZP,3,3,1,4,4,2,0,1,4,0,0,1,0,0,0,0,0,0
9024-QQZDBM-RN4,5,4,0,6,2,1,0,5,5,0,0,1,1,1,0,0,0,0
1608-DQBMUD-AB8,3,2,0,5,5,1,0,4,5,1,1,2,1,1,1,1,1,0
4284-HHTPTO-Q5J,2,1,0,3,3,3,0,2,2,1,1,3,0,0,0,0,1,0
6828-JEJYIH-3EI,2,2,1,4,1,1,1,3,3,0,0,0,1,1,1,0,0,0
9723-VUGZBJ-ZQA,3,3,0,2,2,3,0,1,1,0,0,0,0,0,0,0,0,0
8520-MLQCDY-K1Y,2,2,0,3,3,1,0,1,3,0,0,0,1,0,1,0,0,0
6088-TDDVGT-XO0,4,1,0,6,3,5,0,5,5,0,0,2,1,1,1,1,0,0
8775-VURAWW-OS0,4,2,0,4,2,3,0,3,3,1,0,0,0,1,1,1,1,0
9852-FJWQJI-KV7,4,3,0,5,2,2,1,2,2,0,0,0,0,1,1,0,0,0
5645-BCARMI-G7Z,3,4,0,6,3,6,1,5,4,0,0,0,1,1,1,1,0,0
7414-PZJWWB-D1D,2,1,0,6,4,5,0,5,5,1,0,3,0,0,0,0,1,0
9334-IUMUSE-FAI,1,2,0,5,1,2,0,2,2,0,0,0,0,0,0,0,1,0
1866-UGNVHM-6F1,4,1,1,4,2,6,0,4,5,0,0,0,0,1,1,1,0,0
6170-RWXBEX-2CR,3,3,0,2,4,2,0,1,2,0,0,0,0,0,0,0,0,0
2447-WXAAQB-6K7,4,3,1,3,4,2,0,1,3,0,0,0,0,0,0,0,0,0
2583-FMHHBW-E5N,2,1,1,2,2,6,0,1,1,0,0,0,1,1,1,1,0,0
5097-JIRHCW-CFG,3,1,0,5,2,3,0,5,5,0,0,0,1,1,0,1,0,0
2979-LZXION-EKF,3,1,0,2,3,2,0,1,2,0,0,3,0,0,0,0,0,0
5802-HZRLCD-BHF,3,3,1,3,1,4,0,3,4,0,0,0,1,1,0,1,0,0
7444-WJWKGZ-67A,1,1,1,5,2,3,0,4,3,1,0,4,0,0,0,0,1,0
2688-GYVWQM-JSK,4,2,0,2,4,5,0,1,3,1,1,2,1,1,1,1,1,0
4435-FBUZVB-AES,3,1,1,6,4,1,0,4,4,0,0,0,1,0,0,0,0,0
9819-KBLSEK-N7M,3,3,0,5,2,3,0,4,4,0,0,0,0,0,0,0,0,0
7451-DHDPCJ-ZXU,2,4,1,5,3,4,0,5,5,1,0,1,1,1,0,0,1,0
6973-VFXJPS-W71,3,5,1,4,4,2,0,2,5,1,1,4,0,0,1,1,1,0
0286-ZUKLWW-UD1,2,5,1,3,4,1,0,1,3,0,0,1,1,1,1,0,1,0
9082-FIBGZG-W7E,4,2,0,6,1,1,1,5,5,0,0,0,1,1,1,1,0,0
2007-BEDDYV-62E,4,2,1,5,1,1,0,5,5,0,0,0,0,0,0,1,0,0
2076-HXNRRT-59Y,5,2,0,5,5,2,0,2,2,0,0,1,1,0,1,0,0,0
4238-LORPCR-80R,4,2,0,6,2,5,0,5,5,0,0,0,0,1,1,0,0,0
8724-ZFSGUO-JYL,3,1,0,6,2,2,0,3,4,1,0,4,0,0,0,0,1,0
2581-PFMMKD-4C6,3,3,0,5,4,1,0,3,5,0,0,3,0,0,0,0,0,0
6877-RTHCJH-M7A,2,5,0,3,4,1,0,1,3,1,1,4,0,0,0,0,1,0
1191-EGQJHO-ZJQ,5,1,1,5,3,2,0,3,4,0,0,3,0,0,0,0,0,0
6237-IDDHKI-H17,4,2,0,4,4,2,0,2,4,0,0,0,1,0,0,0,0,0
5085-RQHHUP-L2U,2,5,1,5,2,1,0,3,4,0,0,0,1,1,1,1,0,0
2981-FYZXBF-DM9,5,5,0,2,4,1,0,1,2,1,1,4,1,1,1,1,0,0
8446-TMJWQX-AK5,2,2,0,5,2,1,0,3,5,0,0,0,1,1,1,1,0,0
1476-ZJSUZO-GSO,4,4,1,5,3,3,0,4,4,1,1,1,1,1,1,1,0,0
9469-FWPWKV-HJY,5,5,0,6,3,5,0,5,5,1,0,2,0,0,0,0,1,0
8791-ICWRCS-WUD,1,3,1,3,1,5,0,3,3,0,0,0,0,0,0,0,0,0
2441-WRRBMV-9VV,3,3,1,6,1,6,0,5,2,0,0,0,0,0,0,0,0,0
0815-FGMWDH-Y8D,1,5,1,4,4,2,0,2,3,1,0,3,0,0,0,0,0,0
6991-FJSWKW-ADG,2,5,1,5,2,2,0,3,5,0,0,0,0,0,0,0,0,0
0142-QMGDVL-8WD,5,2,0,3,3,5,0,2,4,0,0,1,1,1,1,1,1,0
8214-NVCQAC-3HH,2,2,0,6,2,5,0,5,5,0,1,0,1,1,1,1,0,0
1884-TYBPZG-HGL,1,1,0,5,3,2,1,3,5,1,0,1,0,0,0,0,0,0
0072-MQVNDV-4KO,5,2,0,3,3,2,0,1,3,1,0,3,0,0,0,0,0,0
5788-QLVXSO-HER,3,1,0,3,4,1,0,2,5,1,1,0,1,1,1,1,0,0
3682-HHDSLK-HXO,2,5,1,6,2,1,0,5,5,0,0,0,0,1,1,1,0,0
1516-CYANIZ-RY8,4,2,0,4,4,6,0,3,4,1,1,4,1,1,1,1,1,0
7515-AFJDMR-B0B,1,3,1,2,1,6,0,3,2,0,0,0,1,0,0,0,0,0
1684-SWFFWY-K3C,4,1,0,5,3,1,0,3,5,0,0,0,0,1,0,0,0,0
2049-KTNHMV-YMX,4,5,1,4,2,3,0,3,4,0,0,0,1,1,1,1,0,0
1085-WJCGKC-MRO,2,1,1,6,2,1,0,5,5,0,0,1,0,0,0,0,0,0
1734-EAYBEZ-PZ0,2,1,0,6,3,1,0,4,5,0,0,0,0,0,0,0,0,0
3385-UPMYTY-3KI,3,4,1,6,1,2,0,3,4,0,0,0,0,0,0,0,0,0
2931-WBFVCF-CNX,4,5,0,4,5,5,1,3,3,0,0,1,0,0,1,0,1,0
9639-WDHBCL-5A8,3,5,0,2,3,2,0,1,1,0,0,0,1,1,1,1,1,0
9081-UBQDSR-6IK,4,5,0,6,2,5,0,5,5,0,0,0,1,1,1,1,0,0
8639-AUPQYM-25S,2,3,0,2,2,1,1,1,2,1,0,1,0,0,0,0,0,0
8745-DMQULS-JO0,2,4,0,2,2,2,0,1,1,0,0,0,1,1,1,1,0,0
6163-GILGEU-DY5,3,5,0,6,3,6,1,5,5,0,0,2,0,0,0,0,0,0
7939-ERYSUF-ZB5,5,3,1,5,2,6,0,5,4,0,0,0,0,0,0,0,0,0
0077-YFKJAV-D91,2,1,1,5,4,1,0,2,4,1,0,2,0,0,0,0,1,0
6322-BPCXEI-Q4D,1,4,1,4,3,2,1,2,3,0,0,0,0,0,0,0,0,0
1712-VZCJTW-W1K,4,1,1,4,3,5,0,3,3,0,0,0,0,0,0,0,0,0
3736-LXGHWH-QT3,4,5,1,5,4,1,1,2,4,1,1,2,1,1,1,1,0,0
8405-GXTJBV-W7N,4,1,1,6,1,3,0,5,5,0,1,0,1,1,1,1,0,0
5214-MDMLPQ-1MT,3,3,0,3,3,2,0,1,3,1,1,1,1,0,0,0,1,0
6762-UARYPL-51S,2,5,1,4,4,2,0,2,2,1,1,4,1,0,1,1,1,0
0046-IBWRNV-OP7,4,4,0,4,3,2,1,2,4,0,0,0,0,1,0,1,0,0
2834-OGEVTU-9O7,2,1,1,5,2,2,0,2,5,0,0,0,1,1,1,1,0,0
8157-GPGMVO-VJW,3,3,0,6,2,1,1,4,5,0,0,0,1,1,1,1,1,0
0037-VHZRCO-JXT,5,4,1,6,1,2,0,3,5,0,0,0,0,0,0,0,0,0
2802-MDQRFW-U5L,3,4,0,3,3,5,0,3,5,0,0,0,0,0,0,0,0,0
9108-FHQQBK-LAH,1,1,1,6,4,2,0,3,4,1,0,3,0,0,0,0,1,0
1321-FAHMBA-8RX,3,3,0,3,3,2,0,1,4,1,1,4,0,1,0,1,1,0
8828-EKUUDS-Z2E,2,2,1,6,5,2,0,2,3,1,0,4,0,0,0,0,1,0
8765-JDCAXZ-S3V,5,3,0,5,4,4,0,5,5,1,1,4,0,0,1,0,1,0
8723-NTRQSS-JQZ,4,1,0,4,4,2,0,2,2,1,1,0,1,0,0,1,0,0
6844-VETJBH-XEI,4,3,1,4,3,3,0,2,5,1,1,2,1,0,1,1,1,0
0803-ZSJGGL-OSE,5,3,1,2,4,2,0,1,2,0,0,1,0,1,1,0,0,0
5219-ZVCGZQ-LCE,5,4,1,3,4,5,1,2,5,0,1,3,1,1,1,1,1,0
0290-RPEAHR-8B2,1,2,0,6,1,3,0,5,5,0,0,0,1,1,1,1,0,0
9783-VWYGCO-70P,1,1,0,6,2,2,0,3,5,0,0,0,0,0,0,0,0,0
8477-FURXBL-V98,1,1,0,4,3,3,1,3,3,0,0,2,0,0,0,0,0,0
3631-ONIBHG-JMI,5,2,0,3,3,5,1,3,4,0,0,0,1,1,1,0,0,0
9827-QPOKBY-LKO,5,2,0,3,3,3,0,2,4,0,0,0,1,0,1,1,0,0
3145-VNGWUY-ZQS,2,1,0,5,3,2,0,3,5,0,0,2,0,0,0,0,1,0
4025-RCPSYI-803,1,1,0,5,3,1,0,2,3,0,0,1,1,0,1,0,0,0
6442-NNEOBK-8M9,1,1,1,5,4,2,0,2,3,0,1,3,0,1,1,1,1,0
3754-JJTSIX-HW4,5,5,1,2,2,1,0,1,1,0,0,0,0,0,0,0,1,0
4092-XAPMSL-F1S,1,1,1,6,2,1,0,4,4,0,0,0,0,0,0,0,0,0
5140-JORCZS-SWG,2,3,0,6,2,3,0,5,5,0,0,3,0,0,0,0,1,0
9751-UJKWLO-R2B,1,1,0,4,4,3,0,4,5,1,0,0,0,0,0,0,0,0
8036-YWCZIP-OOA,2,2,1,2,4,3,0,1,2,1,0,2,0,0,0,0,1,0
1729-LDUPIQ-AKS,3,4,0,3,3,1,0,1,2,0,1,4,1,0,1,1,1,0
9523-PJUBAK-KSC,1,1,1,5,2,6,0,5,5,0,1,1,1,1,1,1,0,0
1512-XVXHMT-7YJ,2,2,1,4,4,1,0,2,2,1,0,1,0,0,0,0,1,0
0076-YGZXNR-QMC,5,4,0,4,2,1,0,2,2,1,1,0,1,1,1,1,0,0
7689-PZGVSS-C8Q,5,4,1,4,2,2,0,3,5,0,0,3,0,0,0,0,1,0
3288-JVGWKD-YGB,5,2,0,2,1,1,0,1,2,1,0,1,0,0,1,1,0,0
1273-MSAUOB-2O9,5,5,0,3,4,3,0,1,3,1,0,2,0,1,0,0,1,0
0558-SITMGB-YZ9,4,2,1,4,1,1,1,5,5,1,0,2,1,1,0,1,0,0
4944-ITFWMY-KDC,4,3,0,6,2,6,1,5,5,0,0,0,0,1,1,1,0,0
1103-KTXUJS-ZPH,3,1,1,2,2,3,0,1,1,1,0,3,0,0,0,0,1,0
0570-SPHLVW-B1R,1,2,0,3,1,4,0,3,3,0,0,1,1,1,1,1,0,0
3402-FTLZQI-30T,2,4,1,6,3,6,1,5,3,0,0,0,1,1,1,1,0,0
6702-MJNIGH-KYH,2,4,0,5,4,6,1,5,2,0,1,3,1,1,1,1,0,0
0908-VOARVR-1L4,1,2,0,4,3,3,0,5,5,0,1,4,1,1,1,1,0,0
4459-SHQKCK-YYU,5,4,1,3,4,1,0,1,3,1,1,4,1,0,1,1,1,0
3319-YDSBGY-41V,2,4,1,5,2,3,0,5,5,0,0,0,1,1,1,0,0,0
4308-OSQDNR-9D6,5,5,0,2,3,6,0,1,2,0,0,0,1,1,1,0,0,0
6343-MDDJHT-XZJ,5,2,1,6,1,1,0,5,5,0,0,0,1,0,0,0,0,0
6378-WSYINQ-NNO,4,2,1,3,3,3,0,2,3,0,0,0,0,0,0,0,0,0
7442-JTPBTI-5SZ,4,1,1,5,1,2,0,2,2,0,1,0,1,1,1,1,0,0
3401-LGDNVB-E53,4,1,0,2,3,2,1,1,1,0,0,1,0,0,0,0,0,0
3303-GJYFBQ-K1T,5,3,0,6,1,6,0,5,5,0,0,0,0,1,1,1,0,0
7971-YHMWIH-PAT,3,2,0,4,1,6,0,3,5,1,1,4,1,0,1,1,1,0
4707-LKQWVH-DVB,3,3,1,3,1,6,1,3,3,0,0,0,1,1,1,1,0,0
3743-WMVESG-C4C,4,2,0,4,5,2,0,2,2,1,1,3,1,0,0,0,1,0
6220-DNXMOB-3CJ,3,1,1,6,3,1,0,3,2,1,0,2,0,0,0,0,1,0
7512-DILXWV-6YD,5,4,0,4,4,2,1,2,2,0,1,1,1,1,1,1,0,0
8389-PNASXX-NKE,5,5,1,4,3,2,0,1,4,0,0,0,1,1,0,0,0,0
4924-TJCPTE-P6D,1,3,1,3,2,6,0,3,1,0,0,0,0,1,1,1,0,0
4583-LDDOHQ-VFX,4,4,0,6,4,3,0,5,5,0,0,1,0,0,0,0,1,0
4651-FZBXWY-6F0,4,3,0,2,4,2,0,1,2,1,0,3,0,0,0,0,1,0
4157-SFKIZN-I6C,5,4,0,6,4,1,0,5,5,1,1,3,1,1,1,1,1,0
4000-PKSKNR-T9A,5,5,0,4,4,2,0,1,3,0,0,4,0,0,0,0,1,0
1751-IQPXZD-CZV,5,5,1,5,1,2,0,2,1,0,0,0,0,0,0,0,0,0
3553-EBMWFX-MVS,3,1,0,4,4,2,0,3,4,1,1,1,1,0,1,1,0,0
3000-DWUGGK-EXP,1,2,1,5,2,2,0,3,3,0,0,0,1,1,0,0,0,0
6989-XMMWMU-ORW,2,4,1,6,2,1,0,3,5,0,1,1,1,1,1,1,0,0
1931-NHXKGH-D3R,5,4,1,6,2,5,0,5,5,0,0,0,1,1,1,1,0,0
0778-ADCYKA-7HH,4,4,0,4,2,1,1,3,3,0,0,0,0,0,0,1,0,0
8563-XFYTWE-1CH,3,4,1,6,3,1,0,3,2,0,0,0,1,1,1,1,0,0
6529-QAKUNP-XYF,1,3,1,2,3,1,0,1,3,1,0,1,0,0,0,0,0,0
2413-ECMIEM-PSY,2,2,1,6,2,1,0,3,4,0,0,0,0,0,0,0,0,0
4453-FAJXXO-IUV,3,4,1,2,3,5,0,1,2,1,0,3,1,0,0,0,0,0
2952-JTVKHR-S7F,5,5,1,2,1,1,0,1,2,1,0,1,1,1,1,1,0,0
1051-FVOLSM-6TE,3,3,0,3,2,2,0,2,3,0,0,0,1,1,1,1,0,0
9700-DGCABT-FRY,2,1,1,3,2,2,0,2,3,0,0,0,0,0,0,0,0,0
1092-JSLTHP-BCT,3,4,0,4,3,1,0,3,4,0,1,0,1,1,1,1,0,0
6891-ARDRVC-EWL,2,3,1,6,1,6,0,5,3,0,0,0,0,0,1,0,0,0
0453-LYAETZ-K69,2,1,1,4,4,1,0,3,4,1,0,1,1,1,0,1,0,0
8201-AAESBF-GW3,1,1,1,3,4,2,0,1,2,0,0,0,0,0,0,0,1,0
8574-GUQVLV-C04,1,1,0,2,3,6,0,2,3,0,0,1,0,0,0,1,0,0
2392-WBLNQY-964,3,2,0,3,3,1,0,2,4,1,1,3,0,1,1,1,1,0
0359-DQOMHP-1YU,4,2,1,5,2,3,0,5,4,1,1,4,1,1,1,1,0,0
9176-YPUZOB-0X8,3,3,0,4,2,2,0,2,2,0,0,0,1,1,1,1,0,0
9393-XVJDYP-T0Y,3,2,0,3,1,3,0,3,4,0,0,0,1,1,0,0,0,0
3427-AFVORF-KSQ,4,2,0,4,4,5,0,4,4,1,1,0,0,1,0,1,1,0
3653-NZHSEU-GMC,1,1,1,3,4,2,0,2,5,1,1,0,1,1,1,1,0,0
1804-PVZNPU-R1J,5,5,1,2,2,6,0,1,1,0,0,0,0,0,0,0,0,0
9357-NOWBWV-55T,4,3,1,2,4,6,0,1,2,1,1,2,1,1,1,1,1,0
2613-HPXXOY-32A,5,5,1,3,3,3,0,2,3,1,0,2,0,0,0,0,0,0
9200-GVGEES-KKE,3,1,0,5,4,2,0,1,4,1,0,3,0,0,0,0,1,0
3736-XFNRBQ-RGC,4,2,1,5,3,1,0,3,2,0,0,2,0,0,0,0,0,0
9357-WUXLKE-TTP,5,3,1,3,4,2,1,1,3,1,1,4,1,1,1,1,1,0
2736-QDRAAN-VAI,5,5,1,2,2,2,0,1,1,0,0,0,1,1,1,1,0,0
3216-HYCWBS-R4X,5,4,0,4,2,2,0,2,2,0,1,0,1,1,1,1,0,0
4251-UJCSCO-W61,2,1,0,5,2,2,1,2,4,0,0,0,1,1,1,1,0,0
2484-ZFXONS-Y8G,5,2,1,3,4,3,0,2,4,1,1,0,1,1,1,1,0,0
1163-JCDRWZ-Q3K,4,2,0,2,2,1,0,1,1,1,0,1,0,0,0,0,0,0
1351-APLKEM-62K,3,5,0,3,2,1,0,2,2,0,0,0,1,1,1,1,0,0
5161-SAEGFS-T7Q,3,2,0,5,5,1,0,4,4,1,1,4,1,1,1,1,1,0
2459-RBRPIE-BI3,1,3,0,4,2,1,1,3,5,1,1,3,1,0,0,1,0,0
2591-HAWSSX-B1M,2,2,0,4,4,1,0,2,1,1,1,2,1,1,1,1,1,0
0044-LVJIBD-G76,4,4,1,4,3,1,0,3,3,0,0,0,0,1,0,0,0,0
8454-WYVBYJ-22N,2,4,1,6,3,1,0,4,5,1,0,1,1,1,0,1,1,0
9769-TIWOIU-7YX,3,1,0,3,2,1,1,2,2,0,0,3,0,0,0,0,0,0
9999-EGLHVE-19G,1,2,0,3,3,5,1,3,1,1,1,4,1,1,1,1,1,0
7731-TDRNOT-PZX,2,3,0,2,3,1,0,1,3,0,0,0,1,1,1,1,0,0
4030-WSTXBV-BTC,3,2,1,6,2,2,0,5,5,0,0,0,0,0,1,0,0,0
5547-KHAYAE-2AW,2,4,1,6,1,3,0,5,5,0,0,2,0,0,0,0,0,0
2581-UPECEP-JVH,3,3,0,4,3,1,0,3,5,1,1,1,1,1,1,1,0,0
5649-GIECLS-1ZJ,1,1,0,6,2,2,0,3,2,0,0,0,0,0,0,0,0,0
8320-TNOHJH-48E,2,3,0,3,5,1,0,1,1,1,1,4,0,0,1,0,1,0
5593-ZOVUTO-QGA,3,1,1,6,4,1,0,3,5,0,0,1,0,0,0,1,0,0
0127-NJJYNR-WUP,1,1,1,5,3,3,0,5,3,0,0,0,0,0,0,0,0,0
4080-WVWCSJ-5KU,3,1,1,6,3,1,0,5,5,1,0,2,0,0,0,0,1,0
8974-LHXTHT-IZ5,3,3,1,4,3,2,1,2,3,1,0,0,0,0,0,0,0,0
4563-GBQFAH-LGL,1,1,0,3,2,3,0,2,4,0,0,0,0,0,0,0,0,0
7833-BKSOZR-8NC,4,4,0,3,3,2,0,1,3,0,0,0,0,1,1,0,0,0
2833-ORNEXA-0T3,2,1,0,6,1,6,0,5,5,0,0,0,0,0,0,0,0,0
3086-WRWJTT-HZR,3,3,1,3,4,2,0,1,2,1,0,4,0,0,0,0,1,0
7981-ZGZQNR-WLL,3,4,0,3,4,1,0,1,3,0,0,2,0,0,0,0,0,0
1090-UJJPXK-6CC,4,5,0,6,5,2,0,3,4,1,1,3,1,1,1,1,1,0
9484-XPXYRM-EKK,1,1,0,5,1,1,0,5,5,0,0,0,0,1,1,1,0,0
1833-MUWCIB-24I,1,1,1,5,3,1,0,2,5,0,1,1,1,1,1,0,0,0
6700-YQAMUY-AMS,5,2,1,2,3,2,0,1,2,0,0,0,1,1,1,1,0,0
0256-JXPOLY-RHL,1,3,1,5,1,6,0,5,5,0,0,0,1,0,1,1,0,0
4323-JKNASP-Z5I,4,3,1,6,3,1,0,4,5,0,0,0,1,1,1,1,0,0
3198-MUUHTP-59E,2,3,1,5,4,2,0,2,5,0,0,0,0,0,0,1,0,0
9758-OITZZF-IN8,5,5,1,5,2,2,0,3,5,0,0,0,0,0,0,0,0,0
1537-EOLBHN-V36,4,1,1,5,2,2,0,2,2,0,0,0,1,1,1,1,0,0
2226-UNHNYR-8Z9,5,2,0,6,4,1,1,5,5,1,1,3,1,1,1,1,0,0
3677-RCTNGD-2YK,2,1,0,5,4,2,0,3,5,0,0,1,1,1,1,1,0,0
9829-URPLKI-D16,1,1,0,5,2,1,0,4,5,0,0,1,0,0,0,0,0,0
1168-SOZEIT-VZE,5,5,1,3,2,5,0,2,3,0,1,4,1,1,1,1,0,0
5707-ZSNWSX-HMG,4,2,1,2,2,6,1,1,1,1,1,4,0,0,0,0,1,0
9325-WPUGWE-EUA,3,2,0,4,5,6,0,4,5,1,0,4,0,1,1,1,0,0
2016-DLJMNC-NIF,4,1,0,6,5,5,0,5,3,1,0,4,0,0,1,1,1,0
7131-DZKXSP-AYH,1,3,1,5,2,1,1,4,2,0,0,0,1,1,1,1,0,0
7618-WWRKRN-8S6,3,1,1,5,3,1,0,3,5,0,0,3,0,1,1,0,0,0
3845-JKYVBV-CUZ,1,2,1,4,1,2,0,2,5,0,0,0,0,1,0,1,0,0
9841-HCDWMI-E3T,1,2,1,6,2,6,1,5,5,0,0,0,0,0,0,1,0,0
6411-UBAAYJ-XDJ,1,1,0,5,4,1,0,3,5,0,0,0,1,1,1,1,0,0
6670-CAOOLM-DC3,2,1,1,3,4,6,1,2,4,1,0,0,0,0,0,0,1,0
8896-GPAXGQ-GFS,1,1,1,5,4,6,0,5,5,1,0,4,0,0,0,0,1,0
1716-RVHNCT-ZVF,3,2,1,5,4,1,0,4,5,0,0,0,1,1,1,1,0,0
4668-SXFBSK-ENH,2,4,1,3,4,3,0,2,4,1,0,3,0,0,0,0,1,0
6281-YXHVKP-VKM,3,1,1,5,4,6,0,5,5,1,0,1,0,0,0,0,0,0
1844-MWTFIG-QB1,2,2,1,4,4,1,0,2,2,0,0,0,0,0,0,0,0,0
8789-SCPEIS-C7B,5,1,1,3,2,1,0,2,3,0,0,0,0,0,0,0,0,0
7291-GKVRNH-DFX,2,5,0,4,2,3,0,3,4,0,1,0,1,1,1,1,0,0
6672-TXBPJN-IDF,2,1,0,3,1,4,0,3,4,0,0,0,1,1,0,1,0,0
8350-CWQQCH-O07,2,1,0,3,4,1,0,1,3,1,1,4,0,0,0,0,1,0
6127-NZFYZA-1CA,2,1,0,5,2,5,0,5,5,0,0,2,0,0,0,0,0,0
1341-ZSKCOA-3SH,3,1,1,2,4,6,0,1,2,1,0,1,0,0,0,0,0,0
6618-IFTTDL-V8P,4,4,0,4,5,2,0,2,2,1,1,1,1,1,1,1,1,0
8505-MZQBHT-GH5,1,2,0,5,1,2,0,4,5,0,0,0,1,1,1,0,0,0
7556-RQGMIC-BXZ,1,3,1,5,1,1,0,3,3,0,0,0,0,0,0,0,0,0
5060-SERQNE-ND1,1,3,0,4,2,2,0,2,2,1,0,3,0,0,0,0,1,0
5561-RICGZN-AJ6,5,3,0,6,2,2,1,3,5,0,0,3,1,1,0,1,0,0
6531-KXPPVV-UYG,1,2,0,6,2,1,0,3,5,0,0,0,0,0,0,0,0,0
5540-HQXVZL-NKU,4,4,0,5,4,3,0,5,4,0,0,1,1,1,1,1,0,0
9860-AXCYEV-DW4,3,1,1,4,4,1,0,3,2,1,1,2,1,0,0,1,0,0
2476-OPMBAR-76N,2,4,1,3,4,5,0,2,3,1,1,2,0,0,0,0,1,0
1644-WUTPTF-V6K,1,1,1,6,2,5,0,5,5,0,0,0,0,0,0,0,0,0
7150-DZQCQB-HXX,5,4,1,6,3,1,0,4,5,0,0,0,1,1,1,1,0,0
5112-XIXXKN-WNM,4,2,1,3,2,5,0,3,2,0,0,2,0,0,0,0,1,0
0296-BWZTYP-TSU,1,1,0,6,5,3,1,5,5,0,1,0,1,1,1,1,0,0
9322-UHIXUR-7C7,3,4,1,3,3,1,0,2,3,1,1,3,1,1,0,0,1,0
8512-KZJXAA-A34,5,2,0,5,2,3,0,4,4,0,0,0,1,1,1,1,0,0
7962-MQXUZL-867,4,2,1,4,2,2,1,2,3,0,1,1,1,1,1,1,1,0
0739-WNEZRW-TK8,5,3,1,5,1,3,1,5,5,0,0,0,0,0,0,0,0,0
4492-CGFPOU-I65,1,1,0,4,5,4,0,3,3,1,1,2,1,1,1,1,1,0
9772-PVKSGK-BYH,4,1,1,6,2,1,0,5,5,0,0,0,0,1,1,0,0,0
9523-USJEJO-ATB,3,2,0,6,4,1,0,5,5,0,0,0,0,0,0,0,0,0
8763-QYSMSO-QJE,2,4,0,4,3,2,0,2,3,0,1,1,1,1,1,1,0,0
6650-HLORKG-TOD,4,5,1,4,3,3,0,4,5,1,0,2,1,1,1,1,1,0
2265-ODATGB-HEX,2,3,1,3,3,6,1,2,3,1,1,0,1,1,1,1,0,0
7621-GEJAXT-BJC,3,1,1,5,2,1,0,5,2,0,1,1,1,1,1,1,0,0
1150-JDPNOL-QAG,5,5,1,5,3,3,0,5,5,0,0,0,0,0,0,0,0,0
5761-YOVILE-GCH,4,4,0,3,5,3,0,1,2,1,1,2,1,1,1,1,1,0
0324-CARFOI-F9Q,2,3,0,4,2,1,1,3,2,1,0,3,0,0,0,1,1,0
6945-YQLRLR-PF0,3,3,1,2,3,6,0,1,2,1,0,3,0,0,0,0,1,0
2681-FGWTIM-PR4,3,5,0,5,3,4,0,5,5,0,0,1,0,1,0,0,0,0
5975-XCLPCP-DXU,3,2,0,3,2,2,1,1,3,0,0,2,1,1,1,0,0,0
3549-VYOSGM-1YA,1,2,0,5,2,2,0,2,5,0,0,0,0,0,0,0,0,0
9433-QMQDMN-KPW,1,3,0,5,1,3,0,5,5,0,0,0,0,0,0,0,0,0
0522-AGGIEE-B3P,4,3,0,4,3,1,1,3,5,0,0,1,1,0,1,1,0,0
0139-XRFSOB-402,1,2,0,4,3,3,0,3,2,1,1,4,0,0,0,0,1,0
0297-JQFCXO-IEU,1,1,1,3,2,2,0,1,4,1,1,2,1,1,1,1,1,0
2871-SNYBHM-CFV,3,3,1,3,3,2,0,1,2,1,1,4,1,0,0,0,1,0
0504-ADVPUZ-TX6,1,1,0,5,2,2,1,2,5,0,0,0,1,1,1,1,0,0
9381-GBLQVX-22A,1,2,0,5,1,1,1,5,4,0,0,0,1,1,1,1,0,0
1328-FSHKMU-DEN,5,4,0,5,2,4,0,5,3,1,0,2,0,0,0,0,1,0
3957-CXVHIS-5IC,1,2,0,3,3,2,0,1,3,0,0,0,1,0,1,1,0,0
5384-UZYOGL-D12,3,3,0,6,2,6,1,5,5,0,0,0,1,1,1,1,0,0
6461-FEHGND-IL1,4,1,1,6,2,5,0,5,5,0,1,0,1,1,1,1,0,0
7514-EULFIQ-VLP,5,3,0,4,5,6,0,3,5,1,1,2,1,1,1,1,1,0
3675-YYXWTP-H4F,4,3,0,6,2,2,0,3,5,1,1,3,1,1,1,1,1,0
4167-DAPNVW-9C5,5,5,0,5,2,5,1,3,2,0,0,0,1,0,0,0,0,0
8035-AAOARQ-CHX,2,2,0,6,5,6,0,5,5,0,0,1,0,0,0,0,0,0
7118-OKIQZT-P01,4,4,0,3,2,2,0,1,2,0,0,0,0,0,0,0,0,0
2736-SHWWRW-TA2,2,1,0,3,5,1,0,2,4,1,1,2,0,0,0,0,1,0
1241-BECLPB-0DV,5,5,1,3,3,1,1,1,3,0,0,0,1,1,1,1,0,0
4952-HQNBEK-KCJ,2,3,1,4,1,3,0,4,5,0,0,4,0,0,0,0,0,0
8585-ZAIQRV-V3O,4,1,0,5,2,2,0,2,1,1,1,4,1,1,1,1,1,0
0120-GCQSYY-BC4,4,4,0,6,3,2,0,4,5,0,0,1,0,0,0,0,0,0
9141-IMUZJW-U82,3,2,0,4,2,2,0,2,1,1,0,2,0,0,0,0,1,0
9877-ZIUCDE-U4J,3,2,1,5,3,2,1,3,3,0,0,0,1,0,0,0,0,0
7820-PLZGTY-X1X,5,5,0,5,5,1,1,3,4,1,0,3,0,0,0,0,1,0
9266-OLZOZZ-5H5,5,5,0,5,2,2,0,3,4,1,0,0,0,0,0,0,0,0
3493-FCRLYI-KXB,2,2,1,4,3,1,1,2,2,1,1,4,1,1,1,1,1,0
3757-RERTCC-6IF,3,4,0,4,4,1,1,2,4,1,1,4,1,1,0,1,1,0
9932-JRQLDZ-AYG,3,4,0,3,2,2,1,1,2,1,1,4,1,0,0,0,1,0
8413-FSASIJ-JYM,1,1,0,2,2,3,1,1,2,1,1,0,1,1,1,1,0,0
4537-OKWPPY-O6I,3,4,0,2,2,2,0,1,1,1,0,1,0,0,0,0,0,0
0206-WPXVWW-W8K,1,1,0,3,3,3,0,2,4,0,0,0,1,0,0,1,1,0
4220-KXXAHD-2EE,5,4,1,4,4,1,0,4,3,1,0,4,0,0,0,0,1,0
7153-LSYSBU-BBY,3,4,1,5,4,6,0,5,5,0,1,0,1,1,1,1,1,0
0455-EFUBYG-CW2,5,2,0,5,1,3,0,5,5,0,0,3,1,1,1,1,0,0
9540-SJICFS-LU2,3,3,1,3,4,6,0,1,2,1,0,4,0,0,0,0,1,0
2274-UGYWSN-SL3,2,3,0,5,2,3,0,5,5,0,0,1,1,1,1,1,0,0
8624-ACFLUI-IAT,2,1,1,4,2,2,0,2,5,0,0,1,0,0,0,0,0,0
4366-EKZZYP-O9U,5,5,1,3,3,1,0,2,1,1,0,4,0,0,0,0,0,0
8485-EOQMEY-W3H,5,3,1,5,2,3,0,5,4,0,0,1,0,0,0,0,0,0
6677-HFMVVT-AM5,5,3,1,4,4,4,0,3,3,0,0,1,1,1,1,1,0,0
5608-DVLMSV-KD0,5,3,0,4,2,2,0,2,3,0,0,0,1,0,1,0,0,0
1196-LXFRGW-4PI,5,5,1,4,3,2,0,1,2,0,0,0,1,0,1,0,0,0
4722-ZODSIY-HVL,4,2,1,5,2,2,0,2,3,1,0,3,1,0,1,1,0,0
8970-HPJHWA-ADR,5,5,0,6,2,4,0,5,5,0,0,2,0,0,0,0,1,0
6966-BEJNEM-J8E,2,2,0,3,4,5,0,1,3,1,1,2,1,1,1,1,1,0
8013-UVWBWL-O01,1,2,1,4,3,1,0,4,2,0,0,0,1,1,1,1,0,0
3328-JFBBON-Q61,3,1,0,4,4,1,0,2,1,1,0,0,0,1,0,0,0,0
2480-RBGZYO-AWH,1,1,0,6,4,2,0,2,4,0,0,0,0,0,1,0,0,0
0216-CBFAEO-2KQ,2,4,1,2,2,1,1,1,1,0,0,0,0,0,0,0,0,0
6319-CCXCLW-7UL,5,4,0,4,2,2,0,3,3,1,1,2,1,1,1,1,0,0
1006-NXBJVK-IB7,4,1,0,5,3,5,0,5,3,1,1,2,0,1,0,0,0,0
2582-FTCAHT-UIJ,2,3,1,5,3,5,0,5,3,0,0,0,1,1,1,1,0,0
1112-NHRPOQ-7OR,5,3,1,5,2,6,0,5,5,0,0,3,0,0,1,1,0,0
5386-SATTOH-CQ0,1,3,1,6,3,2,0,4,5,0,0,0,1,0,1,1,0,0
3685-WTAVBE-RC3,2,5,1,6,3,6,0,5,5,0,0,1,0,0,0,0,0,0
5525-ZLNYDQ-KWB,5,1,1,4,4,2,0,2,5,1,1,3,0,1,0,1,0,0
0813-CCISZQ-9OE,1,2,1,4,2,6,0,3,3,0,0,1,0,0,0,0,1,0
1365-PWONHV-GEQ,1,5,1,5,4,6,0,4,5,1,1,4,1,1,1,1,1,0
7765-EPLSBP-3Y8,1,4,0,5,4,1,0,5,5,1,1,4,1,0,1,1,1,0
7868-DWLPFD-4N4,1,2,1,5,4,5,0,4,5,0,0,3,0,0,0,0,1,0
9298-YHUIAW-0YS,2,4,0,6,2,1,0,4,5,0,0,0,0,0,0,0,0,0
2916-THRYUW-FN8,2,1,0,5,2,1,0,5,5,0,1,0,1,1,1,1,1,0
8438-ZMTWWO-5I8,1,1,0,6,4,6,0,5,5,1,1,3,1,1,1,1,1,0
7819-MKFQJY-7WQ,1,2,1,6,2,1,0,5,5,1,0,3,0,0,0,0,1,0
1393-BYEGCB-TB0,5,5,1,4,5,2,0,2,2,1,1,4,1,1,0,1,1,0
8783-KJXVKE-43W,5,2,1,3,4,5,1,2,2,1,1,3,1,1,1,1,1,0
0063-DWPGGH-D1I,1,1,1,4,3,2,0,2,2,1,0,3,0,0,0,0,1,0
4948-AKXWUE-3KV,5,5,1,6,3,3,0,5,5,0,0,3,0,0,0,0,0,0
8608-OGABQO-XFZ,5,2,0,4,1,2,0,2,2,0,0,0,1,1,1,1,0,0
8009-ALGRDH-LFA,3,1,0,5,2,3,0,4,3,0,0,0,1,0,0,0,1,0
2387-DDPNPM-O28,1,1,0,3,5,2,0,1,3,0,0,0,0,0,0,0,0,0
7268-IWPXCN-LTQ,1,1,1,3,1,6,1,2,2,0,1,0,1,1,1,1,0,0
6682-WREGJX-Z99,2,2,1,2,3,6,0,1,2,1,1,4,0,0,0,0,1,0
3368-ZCWPCN-HA0,1,1,1,6,4,6,0,5,5,0,0,1,0,1,0,0,0,0
9079-XPFBAP-SGV,3,5,1,6,2,2,0,3,4,1,1,3,0,0,0,0,1,0
1880-INKZQO-1BC,1,1,1,4,2,4,0,5,4,0,0,0,0,0,0,0,1,0
7267-RMHTZA-C3Y,2,4,0,6,2,2,1,4,5,1,0,4,1,1,0,0,0,0
9660-SKUWKE-D6O,4,3,1,6,2,2,0,3,5,0,0,0,0,0,1,0,1,0
9202-ICFPVU-5YX,5,5,1,4,4,6,0,4,5,1,1,4,0,0,1,1,1,0
4967-ODLSCM-0BB,1,2,1,6,1,6,1,5,4,0,0,0,0,0,0,0,0,0
1834-XSMYEN-4YY,2,3,0,6,2,5,0,5,5,0,0,0,0,0,0,0,0,0
7427-GBEXPI-I8A,2,3,0,5,1,2,0,3,4,0,0,0,0,1,0,1,0,0
4399-MPLFCL-9BF,3,1,1,4,4,3,0,2,5,1,0,1,0,0,0,0,1,0
3578-HUYDRN-L6T,4,2,1,5,1,3,0,5,5,0,1,0,1,1,1,1,0,0
0249-WNVELU-RFS,2,4,0,2,3,5,1,1,2,0,0,0,1,1,1,1,0,0
0805-UWFJJK-IBP,5,1,1,2,2,2,1,1,2,0,0,4,1,1,1,1,1,0
9646-FRBESD-5CK,2,2,0,5,4,2,0,2,2,1,0,1,1,0,0,1,0,0
8922-AOMTSH-MV7,3,1,1,6,3,1,0,4,4,0,1,0,1,1,1,1,0,0
2192-UDBMYJ-906,5,2,0,5,2,3,0,5,5,0,0,0,0,0,1,0,0,0
2556-MKLXCQ-BX9,4,4,1,3,4,2,1,1,2,1,1,2,1,1,1,1,1,0
1777-HBKRZD-JQO,3,5,1,5,3,2,0,2,4,1,0,1,0,0,0,0,1,0
9952-CNPOYJ-0KL,2,4,0,5,3,3,0,4,5,1,0,1,0,0,0,0,0,0
8325-ZRCRQV-455,1,1,1,4,4,1,0,3,5,1,1,1,1,0,0,1,1,0
1251-RESMMB-YF9,2,2,1,5,4,1,0,3,5,1,1,4,1,1,1,1,1,0
8722-QXBTTE-ZZN,4,4,0,4,1,2,0,2,3,0,0,0,0,0,1,0,0,0
7947-EPKTEL-1MC,4,1,0,4,1,4,0,5,5,1,0,1,1,0,0,1,0,0
1929-FGHSMO-Q5X,4,4,0,2,2,3,0,1,2,1,1,0,1,1,1,1,1,0
0834-RBTMKF-CU4,2,1,1,3,1,5,0,2,4,0,0,0,1,1,1,1,0,0
9699-YXPXDK-8T6,3,5,1,5,1,2,0,3,5,0,0,0,1,1,0,0,0,0
8583-RQVIST-7VX,4,2,1,5,2,2,0,4,4,0,0,0,1,1,0,0,0,0
3392-NJULOB-XK7,3,1,1,5,3,1,1,4,5,0,1,1,1,1,1,1,0,0
3452-DOHASX-2US,1,1,0,3,1,3,0,4,4,0,0,0,1,1,1,1,0,0
4956-VDMHXW-GKS,5,4,0,5,2,2,0,3,4,0,0,1,0,1,1,0,0,0
2237-TUKLNM-ZO0,1,3,1,6,2,5,0,5,5,1,0,0,0,0,0,1,1,0
3828-LGMSNZ-EVZ,3,1,0,6,3,1,0,5,2,0,1,3,1,1,1,1,1,0
4035-PPXNFZ-T23,3,4,0,4,3,3,0,4,5,1,0,1,0,0,0,0,1,0
8366-QJOKTN-CCN,3,2,1,5,4,2,0,3,5,0,0,4,0,1,0,1,1,0
7566-GMUKDS-XU5,5,2,0,4,2,2,0,2,5,0,0,0,0,1,0,0,0,0
5516-LPBDAU-154,1,2,0,6,4,2,0,4,3,1,1,2,0,1,0,0,1,0
1440-RJDTZI-UQW,2,1,1,6,2,6,0,5,5,0,0,1,0,0,0,0,1,0
5023-ODJCVE-0NJ,2,3,0,6,1,2,0,2,3,1,0,1,0,0,0,0,1,0
0121-DXYYZN-UXZ,3,4,0,3,4,2,0,1,3,0,0,1,0,0,0,0,1,0
5634-ISKLHN-QQY,5,3,0,6,4,1,0,4,3,1,1,4,1,1,1,1,1,0
9371-AWVRRA-R9V,3,4,1,6,3,2,0,5,2,1,0,2,0,1,1,0,1,0
6695-ZNEGRG-VXI,3,4,1,5,2,2,0,1,3,1,0,2,0,0,1,0,1,0
4288-VFIKHM-0EB,1,4,0,5,3,6,0,4,5,1,1,4,1,1,1,1,1,0
6119-EFZLRD-HDT,5,4,0,6,1,3,0,5,5,0,0,0,1,1,1,1,0,0
3992-YOCQDJ-8IG,5,2,0,5,2,6,0,5,5,0,0,2,0,0,0,0,0,0
9672-IOQEXF-W7O,3,4,0,4,1,4,0,4,5,0,0,0,1,1,1,1,0,0
4515-SJCSTC-N2E,2,2,1,4,2,2,0,2,3,1,0,1,0,0,1,1,1,0
7920-JTYUYJ-YYP,2,1,1,6,2,1,0,5,5,1,0,3,0,0,0,0,1,0
5750-CLGDQH-59F,4,1,0,5,5,1,0,2,4,0,0,4,1,1,1,1,1,0
2268-SLMOUA-4NQ,3,3,1,4,1,3,0,4,5,0,0,3,0,0,0,0,0,0
0224-HMKMEG-EJF,1,2,1,2,2,4,0,1,1,0,0,0,1,1,0,1,0,0
3368-OZTRCS-7YE,2,3,1,4,3,1,1,2,4,0,0,0,1,0,0,1,0,0
7072-FQJEQO-MMD,5,4,1,6,4,6,0,5,5,0,0,0,0,0,0,1,0,0
7223-WQOPSV-H4H,4,4,0,3,2,1,0,2,4,0,0,0,1,1,1,1,1,0
8898-ORQVDW-F5B,3,2,0,5,1,6,0,5,3,0,0,0,1,0,1,1,0,0
9165-BGQZIE-JB5,4,2,1,5,4,6,0,4,3,1,1,2,1,0,1,1,1,0
3211-CRAXTL-L7G,4,4,1,4,4,1,0,2,3,1,0,1,0,0,0,0,1,0
4467-HQTBGE-T9R,5,5,0,3,4,3,0,2,2,1,1,4,0,0,0,0,1,0
3741-RLHCJC-6U3,3,4,0,3,3,3,1,3,4,0,0,0,0,0,0,0,1,0
3616-HWFWRS-J0L,2,1,0,2,3,5,1,1,2,1,1,4,1,0,1,1,1,0
6487-QVKCTD-070,1,1,1,6,3,2,0,3,5,0,0,1,0,0,0,0,1,0
2845-KNIRYP-1AZ,3,3,1,5,4,1,0,5,5,1,1,2,1,1,1,1,0,0
5259-ZYZWME-F11,4,1,1,4,1,2,0,2,3,0,0,0,0,0,0,0,1,0
0692-OLRDWC-XGB,5,4,1,4,4,5,0,2,4,1,0,1,0,0,0,0,0,0
5848-OBDEYF-QFM,5,3,1,3,3,3,0,2,3,1,0,3,0,0,0,0,1,0
2957-ETHHYR-BGZ,5,3,0,2,3,5,0,1,2,1,0,4,0,0,1,1,0,0
5006-BNNHTO-OTT,2,1,0,4,2,2,1,2,5,0,0,2,0,0,0,0,0,0
5965-LSSWOB-EBG,5,4,1,2,3,2,0,1,2,1,0,3,0,0,0,0,1,0
7497-UQMUDN-ISJ,3,1,0,4,2,6,0,4,5,0,0,0,1,1,1,1,0,0
9463-GTNGEI-EIZ,3,1,0,6,1,2,0,4,5,0,0,0,1,1,1,1,0,0
4830-IXDHQP-PGJ,2,2,0,5,2,6,0,5,2,0,0,0,0,1,0,1,0,0
8824-SHUCKM-5H0,3,2,0,5,3,3,0,4,3,0,0,0,1,0,1,0,0,0
2671-KHXXZH-R6J,1,3,0,4,4,6,1,4,4,0,0,0,1,1,1,1,0,0
9706-LRUNNB-VUT,5,2,1,2,2,1,1,2,1,0,1,0,1,1,1,1,0,0
1941-WNBUWJ-TT4,3,4,1,5,3,4,0,5,5,0,0,0,1,0,1,1,0,0
6628-IPPLBH-OTD,5,2,0,4,3,5,0,3,4,1,1,2,1,1,1,1,0,0
5950-ABTMRH-4D5,5,3,0,3,1,2,0,1,3,0,1,0,0,1,0,1,0,0
3119-MCSDET-L9F,5,2,0,4,4,2,1,2,2,0,1,1,1,1,1,1,0,0
9473-DFUBBK-ZNM,5,4,1,3,4,2,0,1,4,1,1,1,1,1,1,1,1,0
4115-QQAQMS-3UO,5,4,1,4,2,6,1,5,5,0,0,0,0,0,0,0,0,0
8492-XMDDBH-M71,1,3,0,5,2,4,0,5,5,0,0,0,0,0,0,0,0,0
9949-AFKEEO-2UJ,3,2,0,6,5,3,0,5,5,1,1,4,1,1,1,1,1,0
4259-LUYYFF-MOM,4,4,1,4,4,6,0,4,5,1,1,0,0,1,1,1,1,0
8614-KKHWFJ-HPK,5,3,0,5,3,2,0,3,5,0,0,3,0,0,0,0,0,0
3436-UUXXBT-FLN,5,3,0,2,2,4,0,1,1,1,0,4,1,0,0,0,1,0
3427-RFRVJO-UTV,4,4,0,5,2,2,0,2,4,0,0,0,0,0,0,0,0,0
2675-YSBKYV-O7V,4,4,0,5,1,3,0,5,5,1,1,1,1,1,0,1,1,0
1742-XEDSAA-8WT,4,3,1,6,2,1,0,5,5,1,1,0,0,0,0,0,1,0
1121-PQHFDY-UBW,5,5,1,5,1,2,0,3,5,0,0,0,0,0,1,0,0,0
5550-RHCYLI-I46,1,3,0,4,4,2,1,1,1,1,1,4,0,0,0,0,1,0
6849-INEROL-JMY,3,3,0,4,4,2,0,1,1,1,1,2,1,0,1,0,1,0
6385-FTTNJU-7GQ,5,5,1,5,3,2,0,2,2,0,0,3,0,0,0,0,1,0
0255-AJDJGP-JXL,3,2,1,4,3,2,0,2,3,1,0,3,0,1,0,0,1,0
0627-MAMIBI-P9U,3,4,0,4,2,1,0,3,5,0,0,0,1,0,1,1,0,0
9859-HVFWTA-SPQ,5,4,1,4,2,4,0,3,2,0,0,0,0,1,0,0,0,0
4109-JHKHTK-DYJ,5,4,0,4,4,2,0,1,2,1,0,1,1,0,1,0,0,0
7434-XKONYL-EBW,5,3,0,6,1,1,0,3,5,0,0,1,1,1,1,1,0,0
5599-BCQQRG-DPB,1,1,0,3,4,3,0,2,4,0,0,1,0,0,0,0,0,0
1542-CBENYH-O88,3,1,0,5,3,2,1,2,2,0,0,0,1,1,1,1,0,0
4565-ZGPUAQ-WCB,2,1,0,5,3,6,1,5,4,0,0,0,0,0,1,0,0,0
7029-AQGOSU-NID,3,2,0,5,2,3,0,4,4,0,0,0,0,0,0,0,0,0
3566-DRQMDC-TNF,2,1,0,6,2,2,0,3,3,0,0,0,1,0,0,0,0,0
5907-WLVNJA-C0N,3,4,0,4,2,4,0,4,3,0,0,0,1,1,1,1,0,0
9337-MAIPAF-W8G,1,2,0,3,4,2,0,1,2,0,0,1,1,1,1,0,0,0
9693-EYQCTU-O92,3,4,1,5,4,2,0,3,3,0,0,0,1,0,1,0,0,0
3580-ESDOJO-PLY,4,4,0,4,3,1,0,2,4,1,1,3,1,1,1,0,1,0
8556-OAMUPP-4YG,4,4,0,4,4,4,0,4,5,0,1,3,0,1,1,1,1,0
9755-GDNGDU-RHC,2,3,0,2,2,2,0,1,1,1,0,1,1,1,0,1,0,0
7448-PLNMET-VCI,2,1,0,6,1,2,0,3,5,0,0,0,0,0,0,0,0,0
0995-IKDXEO-UL1,4,5,0,6,2,2,0,2,2,1,0,4,1,0,0,0,0,0
3527-XFEFWW-08A,3,5,1,6,1,5,0,5,5,0,0,0,0,0,1,0,0,0
2915-PWFHWV-VJT,2,2,0,4,4,1,0,2,4,0,1,3,0,0,1,0,0,0
7634-DYMZLJ-1FV,1,1,0,4,4,2,0,2,4,1,1,3,1,1,0,0,1,0
5967-QLYOLM-8QN,5,5,0,2,3,5,0,1,2,0,0,3,0,0,0,0,1,0
0629-NGBEXR-SD1,2,2,0,5,2,6,0,5,5,0,0,0,0,0,0,1,0,0
4227-XNKGCM-1JC,1,2,0,5,3,5,1,4,5,0,0,0,1,1,0,1,0,0
7244-NTQUTS-IDH,5,2,1,6,2,1,0,5,5,0,0,0,0,1,0,1,1,0
4615-QZQSAY-D51,4,5,0,2,2,6,0,1,1,1,1,1,1,1,1,1,0,0
5716-RSRKLP-5GG,1,2,0,3,3,1,0,1,3,0,0,1,0,0,0,0,0,0
5380-DOESXJ-FLH,4,3,0,4,4,2,0,1,4,0,1,2,0,1,1,0,0,0
0151-PMYWWF-53S,2,1,0,5,3,2,0,3,2,0,0,1,1,1,1,1,0,0
6748-SBHSWH-5YE,1,1,1,4,4,6,0,5,5,1,1,2,1,1,1,1,1,0
9099-FFFQAY-E5L,5,3,0,3,1,6,0,3,2,0,1,1,1,1,1,1,0,0
4379-AXDMBJ-ZW4,4,4,1,5,3,5,0,5,3,1,1,4,1,1,1,1,1,0
9115-KVYZEP-B7Q,1,2,0,5,1,6,0,5,5,0,0,3,0,0,0,0,0,0
0682-JUKJXV-J8M,3,1,1,3,2,1,0,1,3,1,0,0,1,0,0,0,0,0
6584-OXUOQX-XLL,3,3,1,4,3,1,0,3,3,1,0,2,1,0,1,0,0,0
2370-SDAXRA-MZA,2,3,1,6,2,5,0,5,5,0,0,0,0,1,1,1,0,0
8266-FRTLWJ-0DV,4,1,1,3,1,2,0,1,3,0,0,0,0,0,0,0,0,0
6989-FAVLSU-F2E,5,3,1,6,2,6,0,5,5,0,0,0,0,0,0,0,0,0
7275-NTATAS-Q5B,4,3,1,5,1,3,0,5,5,0,0,0,0,0,0,0,0,0
8352-CUJWGY-KS0,3,3,1,2,4,3,0,1,2,1,0,1,0,0,0,0,1,0
7201-MHZOOH-HAG,1,1,1,6,3,5,0,5,5,1,1,2,1,0,1,1,0,0
7114-PVNDDF-M7E,5,4,1,6,3,2,0,2,5,0,0,2,1,0,0,0,1,0
1068-MWHNDT-1WC,5,4,0,6,5,6,0,5,4,1,1,4,1,1,1,1,1,0
8629-HYFVOR-FTL,3,5,1,5,1,2,0,3,5,0,0,0,1,1,1,1,0,0
0804-IGMRBV-4TS,5,4,1,4,3,6,0,3,2,1,1,2,1,0,1,1,1,0
6522-HZJXBL-K1X,4,1,1,3,3,1,0,2,4,0,0,0,0,0,0,0,0,0
2346-XOLOPT-KCY,2,1,1,5,3,5,0,5,5,1,1,2,1,1,1,1,1,0
6246-GQGGGZ-BIB,2,4,1,5,5,2,0,3,4,0,1,0,1,1,1,1,0,0
6310-RDCRWA-S03,4,5,0,4,4,3,0,2,3,1,1,1,1,1,1,1,0,0
5875-LSAGSD-2V5,5,4,1,4,1,1,1,3,4,0,1,1,1,1,1,1,1,0
0871-WPZJPL-UJP,2,1,0,4,3,2,1,2,3,0,0,0,1,0,0,0,0,0
9872-RSYZHI-NQ9,3,1,1,5,1,1,0,4,2,0,0,0,0,0,0,0,0,0
